"","PassengerId","Survived","Pclass","Sex","Age","SibSp","Parch","Fare","Embarked","title","famsize","famsmall","mother","single","famname","totsurvive","CabinNo"
"1",1,0,3,"male",22,1,0,7.25,"S","Mr",2,1,0,0,"Braund171",0,"G"
"2",2,1,1,"female",38,1,0,71.2833,"C","Mrs",2,1,0,0,"Cumings599",1,"C"
"3",3,1,3,"female",26,0,0,7.925,"S","Ms",1,1,0,1,"Heikkinen282",0,"G"
"4",4,1,1,"female",35,1,0,53.1,"S","Mrs",2,1,0,0,"Futrelle803",1,"C"
"5",5,0,3,"male",35,0,0,8.05,"S","Mr",1,1,0,1,"Allen450",0,"G"
"6",6,0,3,"male",18,0,0,8.4583,"Q","Mr",1,1,0,1,"Moran877",0,"F"
"7",7,0,1,"male",54,0,0,51.8625,"S","Mr",1,1,0,1,"McCarthy463",0,"E"
"8",8,0,3,"male",2,3,1,21.075,"S","Master",5,0,0,0,"Palsson909",0,"G"
"9",9,1,3,"female",27,0,2,11.1333,"S","Mrs",3,1,1,0,"Johnson742",3,"G"
"10",10,1,2,"female",14,1,0,30.0708,"C","Mrs",2,1,0,0,"Nasser736",1,"F"
"11",11,1,3,"female",4,1,1,16.7,"S","Miss",3,1,0,0,"Sandstrom549",2,"G"
"12",12,1,1,"female",58,0,0,26.55,"S","Ms",1,1,0,1,"Bonnell783",0,"C"
"13",13,0,3,"male",20,0,0,8.05,"S","Mr",1,1,0,1,"Saundercock151",0,"G"
"14",14,0,3,"male",39,1,5,31.275,"S","Mr",7,0,0,0,"Andersson082",0,"F"
"15",15,0,3,"female",14,0,0,7.8542,"S","Miss",1,1,0,1,"Vestrom406",0,"E"
"16",16,1,2,"female",55,0,0,16,"S","Mrs",1,1,0,1,"Hewlett706",0,"F"
"17",17,0,3,"male",2,4,1,29.125,"Q","Master",6,0,0,0,"Rice652",0,"G"
"18",18,1,2,"male",22,0,0,13,"S","Mr",1,1,0,1,"Williams373",0,"F"
"19",19,0,3,"female",31,1,0,18,"S","Mrs",2,1,0,0,"Vander Planke763",0,"G"
"20",20,1,3,"female",25,0,0,7.225,"C","Mrs",1,1,0,1,"Masselmani649",0,"G"
"21",21,0,2,"male",35,0,0,26,"S","Mr",1,1,0,1,"Fynney865",0,"D"
"22",22,1,2,"male",34,0,0,13,"S","Mr",1,1,0,1,"Beesley698",0,"D"
"23",23,1,3,"female",15,0,0,8.0292,"Q","Ms",1,1,0,1,"McGowan923",0,"F"
"24",24,1,1,"male",28,0,0,35.5,"S","Mr",1,1,0,1,"Sloper788",0,"A"
"25",25,0,3,"female",8,3,1,21.075,"S","Miss",5,0,0,0,"Palsson909",0,"G"
"26",26,1,3,"female",38,1,5,31.3875,"S","Mrs",7,0,1,0,"Asplund077",3,"G"
"27",27,0,3,"male",8,0,0,7.225,"C","Mr",1,1,0,1,"Emir631",0,"E"
"28",28,0,1,"male",19,3,2,263,"S","Mr",6,0,0,0,"Fortune950",2,"C"
"29",29,1,3,"female",11,0,0,7.8792,"Q","Miss",1,1,0,1,"O'Dwyer959",0,"G"
"30",30,0,3,"male",20,0,0,7.8958,"S","Mr",1,1,0,1,"Todoroff216",0,"G"
"31",31,0,1,"male",40,0,0,27.7208,"C","Mr",1,1,0,1,"Uruchurtu601",0,"C"
"32",32,1,1,"female",33,1,0,146.5208,"C","Mrs",2,1,0,0,"Spencer569",1,"B"
"33",33,1,3,"female",1,0,0,7.75,"Q","Miss",1,1,0,1,"Glynn677",0,"G"
"34",34,0,2,"male",66,0,0,10.5,"S","Mr",1,1,0,1,"Wheadon579",0,"D"
"35",35,0,1,"male",28,1,0,82.1708,"C","Mr",2,1,0,0,"Meyer604",1,"D"
"36",36,0,1,"male",42,1,0,52,"S","Mr",2,1,0,0,"Holverson789",1,"C"
"37",37,1,3,"male",24,0,0,7.2292,"C","Mr",1,1,0,1,"Mamee677",0,"G"
"38",38,0,3,"male",21,0,0,8.05,"S","Mr",1,1,0,1,"Cann152",0,"G"
"39",39,0,3,"female",18,2,0,18,"S","Ms",3,1,0,0,"Vander Planke764",0,"F"
"40",40,1,3,"female",14,1,0,11.2417,"C","Miss",2,1,0,0,"Nicola-Yarred651",2,"G"
"41",41,0,3,"female",40,1,0,9.475,"S","Mrs",2,1,0,0,"Ahlin546",0,"F"
"42",42,0,2,"female",27,1,0,21,"S","Mrs",2,1,0,0,"Turpin668",0,"F"
"43",43,0,3,"male",24,0,0,7.8958,"C","Mr",1,1,0,1,"Kraeff253",0,"G"
"44",44,1,2,"female",3,1,2,41.5792,"C","Miss",4,0,0,0,"Laroche123",2,"F"
"45",45,1,3,"female",19,0,0,7.8792,"Q","Ms",1,1,0,1,"Devaney958",0,"F"
"46",46,0,3,"male",6,0,0,8.05,"S","Mr",1,1,0,1,"Rogers567",0,"G"
"47",47,0,3,"male",8,1,0,15.5,"Q","Mr",2,1,0,0,"Lennon371",0,"G"
"48",48,1,3,"female",9,0,0,7.75,"Q","Miss",1,1,0,1,"O'Driscoll311",0,"F"
"49",49,0,3,"male",3,2,0,21.6792,"C","Mr",3,1,0,0,"Samaan662",0,"F"
"50",50,0,3,"female",18,1,0,17.8,"S","Mrs",2,1,0,0,"Arnold-Franchi237",0,"G"
"51",51,0,3,"male",7,4,1,39.6875,"S","Master",6,0,0,0,"Panula295",0,"G"
"52",52,0,3,"male",21,0,0,7.8,"S","Mr",1,1,0,1,"Nosworthy886",0,"G"
"53",53,1,1,"female",49,1,0,76.7292,"C","Mrs",2,1,0,0,"Harper572",2,"D"
"54",54,1,2,"female",29,1,0,26,"S","Mrs",2,1,0,0,"Faunthorpe926",1,"F"
"55",55,0,1,"male",65,0,1,61.9792,"C","Mr",2,1,0,0,"Ostby509",0,"B"
"56",56,1,1,"male",29,0,0,35.5,"S","Mr",1,1,0,1,"Woolner947",0,"C"
"57",57,1,2,"female",21,0,0,10.5,"S","Ms",1,1,0,1,"Rugg026",0,"F"
"58",58,0,3,"male",28.5,0,0,7.2292,"C","Mr",1,1,0,1,"Novel697",0,"F"
"59",59,1,2,"female",5,1,2,27.75,"S","Miss",4,0,0,0,"West651",2,"F"
"60",60,0,3,"male",11,5,2,46.9,"S","Master",8,0,0,0,"Goodwin144",0,"G"
"61",61,0,3,"male",22,0,0,7.2292,"C","Mr",1,1,0,1,"Sirayanian669",0,"E"
"62",62,1,1,"female",38,0,0,80,"S","Ms",1,1,0,1,"Icard572",0,"B"
"63",63,0,1,"male",45,1,0,83.475,"S","Mr",2,1,0,0,"Harris973",1,"C"
"64",64,0,3,"male",4,3,2,27.9,"S","Master",6,0,0,0,"Skoog088",0,"F"
"65",65,0,1,"male",19,0,0,27.7208,"C","Mr",1,1,0,1,"Stewart605",0,"B"
"66",66,1,3,"male",9,1,1,15.2458,"C","Master",3,1,0,0,"Moubarek661",2,"F"
"67",67,1,2,"female",29,0,0,10.5,"S","Mrs",1,1,0,1,"Nye395",0,"F"
"68",68,0,3,"male",19,0,0,8.1583,"S","Mr",1,1,0,1,"Crease464",0,"G"
"69",69,1,3,"female",17,4,2,7.925,"S","Ms",7,0,0,0,"Andersson281",1,"F"
"70",70,0,3,"male",26,2,0,8.6625,"S","Mr",3,1,0,0,"Kink151",0,"G"
"71",71,0,2,"male",32,0,0,10.5,"S","Mr",1,1,0,1,"Jenkin111",0,"F"
"72",72,0,3,"female",16,5,2,46.9,"S","Ms",8,0,0,0,"Goodwin144",0,"G"
"73",73,0,2,"male",21,0,0,73.5,"S","Mr",1,1,0,1,"Hood879",0,"E"
"74",74,0,3,"male",26,1,0,14.4542,"C","Mr",2,1,0,0,"Chronopoulos680",0,"E"
"75",75,1,3,"male",32,0,0,56.4958,"S","Mr",1,1,0,1,"Bing601",0,"F"
"76",76,0,3,"male",25,0,0,7.65,"S","Mr",1,1,0,1,"Moen123",0,"F"
"77",77,0,3,"male",30,0,0,7.8958,"S","Mr",1,1,0,1,"Staneff208",0,"E"
"78",78,0,3,"male",20,0,0,8.05,"S","Mr",1,1,0,1,"Moutal746",0,"F"
"79",79,1,2,"male",0.83,0,2,29,"S","Master",3,1,0,0,"Caldwell738",2,"F"
"80",80,1,3,"female",30,0,0,12.475,"S","Ms",1,1,0,1,"Dowdell516",0,"G"
"81",81,0,3,"male",22,0,0,9,"S","Mr",1,1,0,1,"Waelens767",0,"F"
"82",82,1,3,"male",29,0,0,9.5,"S","Mr",1,1,0,1,"Sheerlinck779",0,"F"
"83",83,1,3,"female",4,0,0,7.7875,"Q","Miss",1,1,0,1,"McDermott932",0,"F"
"84",84,0,1,"male",28,0,0,47.1,"S","Mr",1,1,0,1,"Carrau059",0,"E"
"85",85,1,2,"female",17,0,0,10.5,"S","Ms",1,1,0,1,"Ilett885",0,"F"
"86",86,1,3,"female",33,3,0,15.85,"S","Mrs",4,0,0,0,"Backstrom278",1,"F"
"87",87,0,3,"male",16,1,3,34.375,"S","Mr",5,0,0,0,"Ford608",0,"F"
"88",88,0,3,"male",6,0,0,8.05,"S","Mr",1,1,0,1,"Slocovski086",0,"E"
"89",89,1,1,"female",23,3,2,263,"S","Ms",6,0,0,0,"Fortune950",2,"C"
"90",90,0,3,"male",24,0,0,8.05,"S","Mr",1,1,0,1,"Celotti275",0,"F"
"91",91,0,3,"male",29,0,0,8.05,"S","Mr",1,1,0,1,"Christmann276",0,"G"
"92",92,0,3,"male",20,0,0,7.8542,"S","Mr",1,1,0,1,"Andreasson466",0,"G"
"93",93,0,1,"male",46,1,0,61.175,"S","Mr",2,1,0,0,"Chaffee734",0,"E"
"94",94,0,3,"male",26,1,2,20.575,"S","Mr",4,0,0,0,"Dean315",1,"F"
"95",95,0,3,"male",59,0,0,7.25,"S","Mr",1,1,0,1,"Coxon500",0,"G"
"96",96,0,3,"male",30,0,0,8.05,"S","Mr",1,1,0,1,"Shorney910",0,"F"
"97",97,0,1,"male",71,0,0,34.6542,"C","Mr",1,1,0,1,"Goldschmidt754",0,"A"
"98",98,1,1,"male",23,0,1,63.3583,"C","Mr",2,1,0,0,"Greenfield759",1,"D"
"99",99,1,2,"female",34,0,1,23,"S","Mrs",2,1,1,0,"Doling919",2,"D"
"100",100,0,2,"male",34,1,0,26,"S","Mr",2,1,0,0,"Kantor367",1,"D"
"101",101,0,3,"female",28,0,0,7.8958,"S","Ms",1,1,0,1,"Petranec245",0,"F"
"102",102,0,3,"male",20,0,0,7.8958,"S","Mr",1,1,0,1,"Petroff215",0,"F"
"103",103,0,1,"male",21,0,1,77.2875,"S","Mr",2,1,0,0,"White281",0,"D"
"104",104,0,3,"male",33,0,0,8.6542,"S","Mr",1,1,0,1,"Johansson540",0,"F"
"105",105,0,3,"male",37,2,0,7.925,"S","Mr",3,1,0,0,"Gustafsson276",0,"F"
"106",106,0,3,"male",28,0,0,7.8958,"S","Mr",1,1,0,1,"Mionoff207",0,"E"
"107",107,1,3,"female",21,0,0,7.65,"S","Ms",1,1,0,1,"Salkjelsvik120",0,"G"
"108",108,1,3,"male",15,0,0,7.775,"S","Mr",1,1,0,1,"Moss991",0,"F"
"109",109,0,3,"male",38,0,0,7.8958,"S","Mr",1,1,0,1,"Rekic249",0,"F"
"110",110,1,3,"female",2,1,0,24.15,"Q","Miss",2,1,0,0,"Moran110",1,"F"
"111",111,0,1,"male",47,0,0,52,"S","Mr",1,1,0,1,"Porter465",0,"C"
"112",112,0,3,"female",14.5,1,0,14.4542,"C","Miss",2,1,0,0,"Zabour665",0,"F"
"113",113,0,3,"male",22,0,0,8.05,"S","Mr",1,1,0,1,"Barton669",0,"F"
"114",114,0,3,"female",20,1,0,9.825,"S","Ms",2,1,0,0,"Jussila136",0,"E"
"115",115,0,3,"female",17,0,0,14.4583,"C","Ms",1,1,0,1,"Attalah627",0,"F"
"116",116,0,3,"male",21,0,0,7.925,"S","Mr",1,1,0,1,"Pekoniemi294",0,"G"
"117",117,0,3,"male",70.5,0,0,7.75,"Q","Mr",1,1,0,1,"Connors369",0,"E"
"118",118,0,2,"male",29,1,0,21,"S","Mr",2,1,0,0,"Turpin668",0,"F"
"119",119,0,1,"male",24,0,1,247.5208,"C","Mr",2,1,0,0,"Baxter558",1,"B"
"120",120,0,3,"female",2,4,2,31.275,"S","Miss",7,0,0,0,"Andersson082",0,"G"
"121",121,0,2,"male",21,2,0,73.5,"S","Mr",3,1,0,0,"Hickman879",0,"F"
"122",122,0,3,"male",18,0,0,8.05,"S","Mr",1,1,0,1,"Moore510",0,"E"
"123",123,0,2,"male",32.5,1,0,30.0708,"C","Mr",2,1,0,0,"Nasser736",1,"F"
"124",124,1,2,"female",32.5,0,0,13,"S","Ms",1,1,0,1,"Webber267",0,"E"
"125",125,0,1,"male",54,0,1,77.2875,"S","Mr",2,1,0,0,"White281",0,"D"
"126",126,1,3,"male",12,1,0,11.2417,"C","Master",2,1,0,0,"Nicola-Yarred651",2,"G"
"127",127,0,3,"male",18,0,0,7.75,"Q","Mr",1,1,0,1,"McMahon372",0,"F"
"128",128,1,3,"male",24,0,0,7.1417,"S","Mr",1,1,0,1,"Madsen369",0,"G"
"129",129,1,3,"female",9,1,1,22.3583,"C","Miss",3,1,0,0,"Peter668",2,"F"
"130",130,0,3,"male",45,0,0,6.975,"S","Mr",1,1,0,1,"Ekstrom061",0,"G"
"131",131,0,3,"male",33,0,0,7.8958,"C","Mr",1,1,0,1,"Drazenoic241",0,"F"
"132",132,0,3,"male",20,0,0,7.05,"S","Mr",1,1,0,1,"Coelho307",0,"F"
"133",133,0,3,"female",47,1,0,14.5,"S","Mrs",2,1,0,0,"Robins337",0,"G"
"134",134,1,2,"female",29,1,0,26,"S","Mrs",2,1,0,0,"Weisz414",1,"D"
"135",135,0,2,"male",25,0,0,13,"S","Mr",1,1,0,1,"Sobey178",0,"E"
"136",136,0,2,"male",23,0,0,15.0458,"C","Mr",1,1,0,1,"Richard133",0,"F"
"137",137,1,1,"female",19,0,2,26.2833,"S","Ms",3,1,0,0,"Newsom752",1,"D"
"138",138,0,1,"male",37,1,0,53.1,"S","Mr",2,1,0,0,"Futrelle803",1,"C"
"139",139,0,3,"male",16,0,0,9.2167,"S","Mr",1,1,0,1,"Osen534",0,"E"
"140",140,0,1,"male",24,0,0,79.2,"C","Mr",1,1,0,1,"Giglio593",0,"B"
"141",141,0,3,"female",3,0,2,15.2458,"C","Mrs",3,1,1,0,"Boulos678",0,"F"
"142",142,1,3,"female",22,0,0,7.75,"S","Ms",1,1,0,1,"Nysten081",0,"F"
"143",143,1,3,"female",24,1,0,15.85,"S","Mrs",2,1,0,0,"Hakkarainen279",1,"E"
"144",144,0,3,"male",19,0,0,6.75,"Q","Mr",1,1,0,1,"Burke222",0,"G"
"145",145,0,2,"male",18,0,0,11.5,"S","Mr",1,1,0,1,"Andrew945",0,"F"
"146",146,0,2,"male",19,1,1,36.75,"S","Mr",3,1,0,0,"Nicholls112",0,"D"
"147",147,1,3,"male",27,0,0,7.7958,"S","Mr",1,1,0,1,"Andersson043",0,"G"
"148",148,0,3,"female",9,2,2,34.375,"S","Miss",5,0,0,0,"Ford608",0,"F"
"149",149,0,2,"male",36.5,0,2,26,"S","Mr",3,1,0,0,"Navratil080",2,"F"
"150",150,0,2,"male",42,0,0,13,"S","Mr",1,1,0,1,"Byles310",0,"F"
"151",151,0,2,"male",51,0,0,12.525,"S","Mr",1,1,0,1,"Bateman166",0,"E"
"152",152,1,1,"female",22,1,0,66.6,"S","Mrs",2,1,0,0,"Pears776",1,"C"
"153",153,0,3,"male",55.5,0,0,8.05,"S","Mr",1,1,0,1,"Meo206",0,"G"
"154",154,0,3,"male",40.5,0,2,14.5,"S","Mr",3,1,0,0,"van Billiard851",0,"F"
"155",155,0,3,"male",18,0,0,7.3125,"S","Mr",1,1,0,1,"Olsen302",0,"G"
"156",156,0,1,"male",51,0,1,61.3792,"C","Mr",2,1,0,0,"Williams597",0,"D"
"157",157,1,3,"female",16,0,0,7.7333,"Q","Ms",1,1,0,1,"Gilnagh851",0,"G"
"158",158,0,3,"male",30,0,0,8.05,"S","Mr",1,1,0,1,"Corn090",0,"G"
"159",159,0,3,"male",6,0,0,8.6625,"S","Mr",1,1,0,1,"Smiljanic037",0,"G"
"160",160,0,3,"male",9,8,2,69.55,"S","Master",11,0,0,0,"Sage343",0,"F"
"161",161,0,3,"male",44,0,1,16.1,"S","Mr",2,1,0,0,"Cribb362",0,"F"
"162",162,1,2,"female",40,0,0,15.75,"S","Mrs",1,1,0,1,"Watt595",0,"E"
"163",163,0,3,"male",26,0,0,7.775,"S","Mr",1,1,0,1,"Bengtsson068",0,"G"
"164",164,0,3,"male",17,0,0,8.6625,"S","Mr",1,1,0,1,"Calic093",0,"G"
"165",165,0,3,"male",1,4,1,39.6875,"S","Master",6,0,0,0,"Panula295",0,"F"
"166",166,1,3,"male",9,0,2,20.525,"S","Master",3,1,0,0,"Goldsmith291",2,"G"
"167",167,1,1,"female",31,0,1,55,"S","Mrs",2,1,1,0,"Chibnall505",1,"E"
"168",168,0,3,"female",45,1,4,27.9,"S","Mrs",6,0,1,0,"Skoog088",0,"F"
"169",169,0,1,"male",29,0,0,25.925,"S","Mr",1,1,0,1,"Baumann318",0,"C"
"170",170,0,3,"male",28,0,0,56.4958,"S","Mr",1,1,0,1,"Ling601",0,"F"
"171",171,0,1,"male",61,0,0,33.5,"S","Mr",1,1,0,1,"Van der hoef240",0,"B"
"172",172,0,3,"male",4,4,1,29.125,"Q","Master",6,0,0,0,"Rice652",0,"F"
"173",173,1,3,"female",1,1,1,11.1333,"S","Miss",3,1,0,0,"Johnson742",3,"F"
"174",174,0,3,"male",21,0,0,7.925,"S","Mr",1,1,0,1,"Sivola280",0,"F"
"175",175,0,1,"male",56,0,0,30.6958,"C","Mr",1,1,0,1,"Smith764",0,"A"
"176",176,0,3,"male",18,1,1,7.8542,"S","Mr",3,1,0,0,"Klasen404",0,"F"
"177",177,0,3,"male",3,3,1,25.4667,"S","Master",5,0,0,0,"Lefebre133",0,"F"
"178",178,0,1,"female",50,0,0,28.7125,"C","Ms",1,1,0,1,"Isham595",0,"C"
"179",179,0,2,"male",30,0,0,13,"S","Mr",1,1,0,1,"Hale653",0,"F"
"180",180,0,3,"male",36,0,0,0,"S","Mr",1,1,0,1,"LeonardINE",0,"F"
"181",181,0,3,"female",4,8,2,69.55,"S","Miss",11,0,0,0,"Sage343",0,"F"
"182",182,0,2,"male",28,0,0,15.05,"C","Mr",1,1,0,1,"Pernot131",0,"D"
"183",183,0,3,"male",9,4,2,31.3875,"S","Master",7,0,0,0,"Asplund077",3,"F"
"184",184,1,2,"male",1,2,1,39,"S","Master",4,0,0,0,"Becker136",2,"F"
"185",185,1,3,"female",4,0,2,22.025,"S","Miss",3,1,0,0,"Kink-Heilmann153",1,"F"
"186",186,0,1,"male",23,0,0,50,"S","Mr",1,1,0,1,"Rood767",0,"A"
"187",187,1,3,"female",4,1,0,15.5,"Q","Mrs",2,1,0,0,"O'Brien365",1,"G"
"188",188,1,1,"male",45,0,0,26.55,"S","Mr",1,1,0,1,"Romaine428",0,"E"
"189",189,0,3,"male",40,1,1,15.5,"Q","Mr",3,1,0,0,"Bourke849",0,"F"
"190",190,0,3,"male",36,0,0,7.8958,"S","Mr",1,1,0,1,"Turcin247",0,"G"
"191",191,1,2,"female",32,0,0,13,"S","Mrs",1,1,0,1,"Pinsky604",0,"F"
"192",192,0,2,"male",19,0,0,13,"S","Mr",1,1,0,1,"Carbines424",0,"E"
"193",193,1,3,"female",19,1,0,7.8542,"S","Ms",2,1,0,0,"Andersen-Jensen046",1,"F"
"194",194,1,2,"male",3,1,1,26,"S","Master",3,1,0,0,"Navratil080",2,"F"
"195",195,1,1,"female",44,0,0,27.7208,"C","Mrs",1,1,0,1,"Brown610",0,"B"
"196",196,1,1,"female",58,0,0,146.5208,"C","Ms",1,1,0,1,"Lurette569",0,"B"
"197",197,0,3,"male",27,0,0,7.75,"Q","Mr",1,1,0,1,"Mernagh703",0,"F"
"198",198,0,3,"male",42,0,1,8.4042,"S","Mr",2,1,0,0,"Olsen579",0,"F"
"199",199,1,3,"female",4,0,0,7.75,"Q","Miss",1,1,0,1,"Madigan370",0,"E"
"200",200,0,2,"female",24,0,0,13,"S","Ms",1,1,0,1,"Yrois747",0,"F"
"201",201,0,3,"male",28,0,0,9.5,"S","Mr",1,1,0,1,"Vande Walle770",0,"F"
"202",202,0,3,"male",13,8,2,69.55,"S","Mr",11,0,0,0,"Sage343",0,"G"
"203",203,0,3,"male",34,0,0,6.4958,"S","Mr",1,1,0,1,"Johanson264",0,"E"
"204",204,0,3,"male",45.5,0,0,7.225,"C","Mr",1,1,0,1,"Youseff628",0,"F"
"205",205,1,3,"male",18,0,0,8.05,"S","Mr",1,1,0,1,"Cohen540",0,"E"
"206",206,0,3,"female",2,0,1,10.4625,"S","Miss",2,1,0,0,"Strom054",0,"G"
"207",207,0,3,"male",32,1,0,15.85,"S","Mr",2,1,0,0,"Backstrom278",1,"G"
"208",208,1,3,"male",26,0,0,18.7875,"C","Mr",1,1,0,1,"Albimona699",0,"G"
"209",209,1,3,"female",16,0,0,7.75,"Q","Ms",1,1,0,1,"Carr231",0,"F"
"210",210,1,1,"male",40,0,0,31,"C","Mr",1,1,0,1,"Blank277",0,"A"
"211",211,0,3,"male",24,0,0,7.05,"S","Mr",1,1,0,1,"Ali311",0,"G"
"212",212,1,2,"female",35,0,0,21,"S","Ms",1,1,0,1,"Cameron528",0,"F"
"213",213,0,3,"male",22,0,0,7.25,"S","Mr",1,1,0,1,"Perkin174",0,"G"
"214",214,0,2,"male",30,0,0,13,"S","Mr",1,1,0,1,"Givard646",0,"F"
"215",215,0,3,"male",7,1,0,7.75,"Q","Mr",2,1,0,0,"Kiernan229",0,"F"
"216",216,1,1,"female",31,1,0,113.275,"C","Ms",2,1,0,0,"Newell273",2,"D"
"217",217,1,3,"female",27,0,0,7.925,"S","Ms",1,1,0,1,"Honkanen283",0,"F"
"218",218,0,2,"male",42,1,0,27,"S","Mr",2,1,0,0,"Jacobsohn847",1,"F"
"219",219,1,1,"female",32,0,0,76.2917,"C","Ms",1,1,0,1,"Bazzani813",0,"D"
"220",220,0,2,"male",30,0,0,10.5,"S","Mr",1,1,0,1,"Harris208",0,"F"
"221",221,1,3,"male",16,0,0,8.05,"S","Mr",1,1,0,1,"Sunderland089",0,"F"
"222",222,0,2,"male",27,0,0,13,"S","Mr",1,1,0,1,"Bracken367",0,"F"
"223",223,0,3,"male",51,0,0,8.05,"S","Mr",1,1,0,1,"Green440",0,"F"
"224",224,0,3,"male",18,0,0,7.8958,"S","Mr",1,1,0,1,"Nenkoff234",0,"G"
"225",225,1,1,"male",38,1,0,90,"S","Mr",2,1,0,0,"Hoyt943",2,"C"
"226",226,0,3,"male",22,0,0,9.35,"S","Mr",1,1,0,1,"Berglund348",0,"G"
"227",227,1,2,"male",19,0,0,10.5,"S","Mr",1,1,0,1,"Mellors751",0,"F"
"228",228,0,3,"male",20.5,0,0,7.25,"S","Mr",1,1,0,1,"Lovell173",0,"G"
"229",229,0,2,"male",18,0,0,13,"S","Mr",1,1,0,1,"Fahlstrom171",0,"E"
"230",230,0,3,"female",9,3,1,25.4667,"S","Miss",5,0,0,0,"Lefebre133",0,"G"
"231",231,1,1,"female",35,1,0,83.475,"S","Mrs",2,1,0,0,"Harris973",1,"C"
"232",232,0,3,"male",29,0,0,7.775,"S","Mr",1,1,0,1,"Larsson067",0,"E"
"233",233,0,2,"male",59,0,0,13.5,"S","Mr",1,1,0,1,"Sjostedt442",0,"F"
"234",234,1,3,"female",5,4,2,31.3875,"S","Miss",7,0,0,0,"Asplund077",3,"F"
"235",235,0,2,"male",24,0,0,10.5,"S","Mr",1,1,0,1,"Leyson566",0,"D"
"236",236,0,3,"female",10,0,0,7.55,"S","Miss",1,1,0,1,"Harknett609",0,"E"
"237",237,0,2,"male",44,1,0,26,"S","Mr",2,1,0,0,"Hold707",0,"F"
"238",238,1,2,"female",8,0,2,26.25,"S","Miss",3,1,0,0,"Collyer921",2,"D"
"239",239,0,2,"male",19,0,0,10.5,"S","Mr",1,1,0,1,"Pengelly665",0,"E"
"240",240,0,2,"male",33,0,0,12.275,"S","Mr",1,1,0,1,"Hunt585",0,"F"
"241",241,0,3,"female",5,1,0,14.4542,"C","Miss",2,1,0,0,"Zabour665",0,"E"
"242",242,1,3,"female",25,1,0,15.5,"Q","Ms",2,1,0,0,"Murphy230",2,"F"
"243",243,0,2,"male",29,0,0,10.5,"S","Mr",1,1,0,1,"Coleridge263",0,"F"
"244",244,0,3,"male",22,0,0,7.125,"S","Mr",1,1,0,1,"Maenpaa275",0,"E"
"245",245,0,3,"male",30,0,0,7.225,"C","Mr",1,1,0,1,"Attalah694",0,"G"
"246",246,0,1,"male",44,2,0,90,"Q","Mr",3,1,0,0,"Minahan928",1,"C"
"247",247,0,3,"female",25,0,0,7.775,"S","Ms",1,1,0,1,"Lindahl071",0,"F"
"248",248,1,2,"female",24,0,2,14.5,"S","Mrs",3,1,1,0,"Hamalainen649",2,"F"
"249",249,1,1,"male",37,1,1,52.5542,"S","Mr",3,1,0,0,"Beckwith751",2,"D"
"250",250,0,2,"male",54,1,0,26,"S","Mr",2,1,0,0,"Carter252",0,"F"
"251",251,0,3,"male",30,0,0,7.25,"S","Mr",1,1,0,1,"Reed316",0,"G"
"252",252,0,3,"female",29,1,1,10.4625,"S","Mrs",3,1,1,0,"Strom054",0,"G"
"253",253,0,1,"male",62,0,0,26.55,"S","Mr",1,1,0,1,"Stead514",0,"C"
"254",254,0,3,"male",30,1,0,16.1,"S","Mr",2,1,0,0,"Lobb336",0,"E"
"255",255,0,3,"female",41,0,2,20.2125,"S","Mrs",3,1,1,0,"Rosblom129",0,"F"
"256",256,1,3,"female",29,0,2,15.2458,"C","Mrs",3,1,1,0,"Touma650",1,"F"
"257",257,1,1,"female",22,0,0,79.2,"C","Mrs",1,1,0,1,"Thorne585",0,"E"
"258",258,1,1,"female",30,0,0,86.5,"S","Ms",1,1,0,1,"Cherry152",0,"B"
"259",259,1,1,"female",35,0,0,512.3292,"C","Ms",1,1,0,1,"Ward755",0,"B"
"260",260,1,2,"female",50,0,1,26,"S","Mrs",2,1,1,0,"Parrish433",1,"D"
"261",261,0,3,"male",18,0,0,7.75,"Q","Mr",1,1,0,1,"Smith461",0,"F"
"262",262,1,3,"male",3,4,2,31.3875,"S","Master",7,0,0,0,"Asplund077",3,"F"
"263",263,0,1,"male",52,1,1,79.65,"S","Mr",3,1,0,0,"Taussig413",2,"E"
"264",264,0,1,"male",40,0,0,0,"S","Mr",1,1,0,1,"Harrison059",0,"B"
"265",265,0,3,"female",11,0,0,7.75,"Q","Miss",1,1,0,1,"Henry649",0,"F"
"266",266,0,2,"male",36,0,0,10.5,"S","Mr",1,1,0,1,"Reeves248",0,"D"
"267",267,0,3,"male",16,4,1,39.6875,"S","Mr",6,0,0,0,"Panula295",0,"F"
"268",268,1,3,"male",25,1,0,7.775,"S","Mr",2,1,0,0,"Persson083",1,"G"
"269",269,1,1,"female",58,0,1,153.4625,"S","Mrs",2,1,1,0,"Graham582",1,"C"
"270",270,1,1,"female",35,0,0,135.6333,"S","Ms",1,1,0,1,"Bissette760",0,"C"
"271",271,0,1,"male",32,0,0,31,"S","Mr",1,1,0,1,"Cairns798",0,"D"
"272",272,1,3,"male",25,0,0,0,"S","Mr",1,1,0,1,"TornquistINE",0,"E"
"273",273,1,2,"female",41,0,1,19.5,"S","Mrs",2,1,1,0,"Mellinger644",2,"D"
"274",274,0,1,"male",37,0,1,29.7,"C","Mr",2,1,0,0,"Natsch596",0,"C"
"275",275,1,3,"female",19,0,0,7.75,"Q","Ms",1,1,0,1,"Healy375",0,"F"
"276",276,1,1,"female",63,1,0,77.9583,"S","Ms",2,1,0,0,"Andrews502",1,"D"
"277",277,0,3,"female",45,0,0,7.75,"S","Ms",1,1,0,1,"Lindblom073",0,"F"
"278",278,0,2,"male",63,0,0,0,"S","Mr",1,1,0,1,"Parkes853",0,"E"
"279",279,0,3,"male",7,4,1,29.125,"Q","Master",6,0,0,0,"Rice652",0,"E"
"280",280,1,3,"female",35,1,1,20.25,"S","Mrs",3,1,1,0,"Abbott673",1,"F"
"281",281,0,3,"male",65,0,0,7.75,"Q","Mr",1,1,0,1,"Duane439",0,"G"
"282",282,0,3,"male",28,0,0,7.8542,"S","Mr",1,1,0,1,"Olsson464",0,"E"
"283",283,0,3,"male",16,0,0,9.5,"S","Mr",1,1,0,1,"de Pelsmaeker778",0,"F"
"284",284,1,3,"male",19,0,0,8.05,"S","Mr",1,1,0,1,"Dorking482",0,"F"
"285",285,0,1,"male",29,0,0,26,"S","Mr",1,1,0,1,"Smith056",0,"A"
"286",286,0,3,"male",33,0,0,8.6625,"C","Mr",1,1,0,1,"Stankovic239",0,"F"
"287",287,1,3,"male",30,0,0,9.5,"S","Mr",1,1,0,1,"de Mulder774",0,"F"
"288",288,0,3,"male",22,0,0,7.8958,"S","Mr",1,1,0,1,"Naidenoff206",0,"G"
"289",289,1,2,"male",42,0,0,13,"S","Mr",1,1,0,1,"Hosono798",0,"E"
"290",290,1,3,"female",22,0,0,7.75,"Q","Ms",1,1,0,1,"Connolly373",0,"F"
"291",291,1,1,"female",26,0,0,78.85,"S","Ms",1,1,0,1,"Barber877",0,"B"
"292",292,1,1,"female",19,1,0,91.0792,"C","Mrs",2,1,0,0,"Bishop967",2,"B"
"293",293,0,2,"male",36,0,0,12.875,"C","Mr",1,1,0,1,"Levy163",0,"D"
"294",294,0,3,"female",24,0,0,8.85,"S","Ms",1,1,0,1,"Haas236",0,"G"
"295",295,0,3,"male",24,0,0,7.8958,"S","Mr",1,1,0,1,"Mineff233",0,"F"
"296",296,0,1,"male",40,0,0,27.7208,"C","Mr",1,1,0,1,"Lewy612",0,"A"
"297",297,0,3,"male",23.5,0,0,7.2292,"C","Mr",1,1,0,1,"Hanna693",0,"F"
"298",298,0,1,"female",2,1,2,151.55,"S","Miss",4,0,0,0,"Allison781",1,"C"
"299",299,1,1,"male",21,0,0,30.5,"S","Mr",1,1,0,1,"Saalfeld988",0,"C"
"300",300,1,1,"female",50,0,1,247.5208,"C","Mrs",2,1,1,0,"Baxter558",1,"B"
"301",301,1,3,"female",11,0,0,7.75,"Q","Miss",1,1,0,1,"Kelly234",0,"F"
"302",302,1,3,"male",1,2,0,23.25,"Q","Mr",3,1,0,0,"McCoy226",2,"F"
"303",303,0,3,"male",19,0,0,0,"S","Mr",1,1,0,1,"JohnsonINE",0,"F"
"304",304,1,2,"female",18,0,0,12.35,"Q","Ms",1,1,0,1,"Keane593",0,"E"
"305",305,0,3,"male",15,0,0,8.05,"S","Mr",1,1,0,1,"Williams466",0,"F"
"306",306,1,1,"male",0.92,1,2,151.55,"S","Master",4,0,0,0,"Allison781",1,"C"
"307",307,1,1,"female",20,0,0,110.8833,"C","Ms",1,1,0,1,"Fleming421",0,"C"
"308",308,1,1,"female",17,1,0,108.9,"C","Mrs",2,1,0,0,"Penasco y Castellana758",1,"C"
"309",309,0,2,"male",30,1,0,24,"C","Mr",2,1,0,0,"Abelson381",1,"F"
"310",310,1,1,"female",30,0,0,56.9292,"C","Ms",1,1,0,1,"Francatelli485",0,"E"
"311",311,1,1,"female",24,0,0,83.1583,"C","Ms",1,1,0,1,"Hays767",0,"C"
"312",312,1,1,"female",18,2,2,262.375,"C","Ms",5,0,0,0,"Ryerson608",2,"B"
"313",313,0,2,"female",26,1,1,26,"S","Mrs",3,1,1,0,"Lahtinen651",0,"F"
"314",314,0,3,"male",28,0,0,7.8958,"S","Mr",1,1,0,1,"Hendekovic243",0,"F"
"315",315,0,2,"male",43,1,1,26.25,"S","Mr",3,1,0,0,"Hart529",2,"F"
"316",316,1,3,"female",26,0,0,7.8542,"S","Ms",1,1,0,1,"Nilsson470",0,"F"
"317",317,1,2,"female",24,1,0,26,"S","Mrs",2,1,0,0,"Kantor367",1,"D"
"318",318,0,2,"male",54,0,0,14,"S","Mr",1,1,0,1,"Moraweck011",0,"F"
"319",319,1,1,"female",31,0,2,164.8667,"S","Ms",3,1,0,0,"Wick928",2,"C"
"320",320,1,1,"female",40,1,1,134.5,"C","Mrs",3,1,1,0,"Spedden966",1,"E"
"321",321,0,3,"male",22,0,0,7.25,"S","Mr",1,1,0,1,"Dennis172",0,"E"
"322",322,0,3,"male",27,0,0,7.8958,"S","Mr",1,1,0,1,"Danoff219",0,"G"
"323",323,1,2,"female",30,0,0,12.35,"Q","Ms",1,1,0,1,"Slayter818",0,"F"
"324",324,1,2,"female",22,1,1,29,"S","Mrs",3,1,1,0,"Caldwell738",2,"F"
"325",325,0,3,"male",13,8,2,69.55,"S","Mr",11,0,0,0,"Sage343",0,"G"
"326",326,1,1,"female",36,0,0,135.6333,"C","Ms",1,1,0,1,"Young760",0,"C"
"327",327,0,3,"male",61,0,0,6.2375,"S","Mr",1,1,0,1,"Nysveen364",0,"F"
"328",328,1,2,"female",36,0,0,13,"S","Mrs",1,1,0,1,"Ball551",0,"D"
"329",329,1,3,"female",31,1,1,20.525,"S","Mrs",3,1,1,0,"Goldsmith291",2,"G"
"330",330,1,1,"female",16,0,1,57.9792,"C","Ms",2,1,0,0,"Hippach361",2,"B"
"331",331,1,3,"female",14,2,0,23.25,"Q","Miss",3,1,0,0,"McCoy226",2,"G"
"332",332,0,1,"male",45.5,0,0,28.5,"S","Mr",1,1,0,1,"Partner043",0,"C"
"333",333,0,1,"male",38,0,1,153.4625,"S","Mr",2,1,0,0,"Graham582",1,"C"
"334",334,0,3,"male",16,2,0,18,"S","Mr",3,1,0,0,"Vander Planke764",0,"E"
"335",335,1,1,"female",49,1,0,133.65,"S","Mrs",2,1,0,0,"Frauenthal611",2,"C"
"336",336,0,3,"male",18,0,0,7.8958,"S","Mr",1,1,0,1,"Denkoff225",0,"E"
"337",337,0,1,"male",29,1,0,66.6,"S","Mr",2,1,0,0,"Pears776",1,"C"
"338",338,1,1,"female",41,0,0,134.5,"C","Ms",1,1,0,1,"Burns966",0,"E"
"339",339,1,3,"male",45,0,0,8.05,"S","Mr",1,1,0,1,"Dahl598",0,"F"
"340",340,0,1,"male",45,0,0,35.5,"S","Mr",1,1,0,1,"Blackwell784",0,"T"
"341",341,1,2,"male",2,1,1,26,"S","Master",3,1,0,0,"Navratil080",2,"F"
"342",342,1,1,"female",24,3,2,263,"S","Ms",6,0,0,0,"Fortune950",2,"C"
"343",343,0,2,"male",28,0,0,13,"S","Mr",1,1,0,1,"Collander740",0,"F"
"344",344,0,2,"male",25,0,0,13,"S","Mr",1,1,0,1,"Sedgwick361",0,"D"
"345",345,0,2,"male",36,0,0,13,"S","Mr",1,1,0,1,"Fox236",0,"D"
"346",346,1,2,"female",24,0,0,13,"S","Ms",1,1,0,1,"Brown733",0,"F"
"347",347,1,2,"female",40,0,0,13,"S","Ms",1,1,0,1,"Smith418",0,"D"
"348",348,1,3,"female",9,1,0,16.1,"S","Mrs",2,1,0,0,"Davison525",1,"F"
"349",349,1,3,"male",3,1,1,15.9,"S","Master",3,1,0,0,"Coutts671",2,"F"
"350",350,0,3,"male",42,0,0,8.6625,"S","Mr",1,1,0,1,"Dimic088",0,"G"
"351",351,0,3,"male",23,0,0,9.225,"S","Mr",1,1,0,1,"Odahl267",0,"G"
"352",352,0,1,"male",41,0,0,35,"S","Mr",1,1,0,1,"Williams-Lambert510",0,"C"
"353",353,0,3,"male",15,1,1,7.2292,"C","Mr",3,1,0,0,"Elias695",0,"G"
"354",354,0,3,"male",25,1,0,17.8,"S","Mr",2,1,0,0,"Arnold-Franchi237",0,"F"
"355",355,0,3,"male",24,0,0,7.225,"C","Mr",1,1,0,1,"Yousif647",0,"G"
"356",356,0,3,"male",28,0,0,9.5,"S","Mr",1,1,0,1,"Vanden Steen783",0,"G"
"357",357,1,1,"female",22,0,1,55,"S","Ms",2,1,0,0,"Bowerman505",1,"E"
"358",358,0,2,"female",38,0,0,13,"S","Ms",1,1,0,1,"Funk671",0,"E"
"359",359,1,3,"female",11,0,0,7.8792,"Q","Miss",1,1,0,1,"McGovern931",0,"G"
"360",360,1,3,"female",4,0,0,7.8792,"Q","Miss",1,1,0,1,"Mockler980",0,"G"
"361",361,0,3,"male",40,1,4,27.9,"S","Mr",6,0,0,0,"Skoog088",0,"G"
"362",362,0,2,"male",29,1,0,27.7208,"C","Mr",2,1,0,0,"del Carlo167",0,"F"
"363",363,0,3,"female",45,0,1,14.4542,"C","Mrs",2,1,1,0,"Barbara691",0,"E"
"364",364,0,3,"male",35,0,0,7.05,"S","Mr",1,1,0,1,"Asim310",0,"F"
"365",365,0,3,"male",18,1,0,15.5,"Q","Mr",2,1,0,0,"O'Brien365",1,"G"
"366",366,0,3,"male",30,0,0,7.25,"S","Mr",1,1,0,1,"Adahl076",0,"E"
"367",367,1,1,"female",60,1,0,75.25,"C","Mrs",2,1,0,0,"Warren813",1,"D"
"368",368,1,3,"female",20,0,0,7.2292,"C","Mrs",1,1,0,1,"Moussa626",0,"G"
"369",369,1,3,"female",4,0,0,7.75,"Q","Miss",1,1,0,1,"Jermyn313",0,"F"
"370",370,1,1,"female",24,0,0,69.3,"C","Ms",1,1,0,1,"Aubart477",0,"B"
"371",371,1,1,"male",25,1,0,55.4417,"C","Mr",2,1,0,0,"Harder765",1,"E"
"372",372,0,3,"male",18,1,0,6.4958,"S","Mr",2,1,0,0,"Wiklund267",0,"F"
"373",373,0,3,"male",19,0,0,8.05,"S","Mr",1,1,0,1,"Beavan951",0,"F"
"374",374,0,1,"male",22,0,0,135.6333,"C","Mr",1,1,0,1,"Ringhini760",0,"C"
"375",375,0,3,"female",3,3,1,21.075,"S","Miss",5,0,0,0,"Palsson909",0,"E"
"376",376,1,1,"female",23,1,0,82.1708,"C","Mrs",2,1,0,0,"Meyer604",1,"A"
"377",377,1,3,"female",22,0,0,7.25,"S","Ms",1,1,0,1,"Landergren077",0,"E"
"378",378,0,1,"male",27,0,2,211.5,"C","Mr",3,1,0,0,"Widener503",0,"C"
"379",379,0,3,"male",20,0,0,4.0125,"C","Mr",1,1,0,1,"Betros648",0,"F"
"380",380,0,3,"male",19,0,0,7.775,"S","Mr",1,1,0,1,"Gustafsson069",0,"E"
"381",381,1,1,"female",42,0,0,227.525,"C","Ms",1,1,0,1,"Bidois757",0,"D"
"382",382,1,3,"female",1,0,2,15.7417,"C","Miss",3,1,0,0,"Nakid653",2,"F"
"383",383,0,3,"male",32,0,0,7.925,"S","Mr",1,1,0,1,"Tikkanen293",0,"E"
"384",384,1,1,"female",35,1,0,52,"S","Mrs",2,1,0,0,"Holverson789",1,"E"
"385",385,0,3,"male",15,0,0,7.8958,"S","Mr",1,1,0,1,"Plotcharsky227",0,"F"
"386",386,0,2,"male",18,0,0,73.5,"S","Mr",1,1,0,1,"Davies879",0,"F"
"387",387,0,3,"male",1,5,2,46.9,"S","Master",8,0,0,0,"Goodwin144",0,"G"
"388",388,1,2,"female",36,0,0,13,"S","Ms",1,1,0,1,"Buss849",0,"D"
"389",389,0,3,"male",18,0,0,7.7292,"Q","Mr",1,1,0,1,"Sadlier655",0,"G"
"390",390,1,2,"female",17,0,0,12,"C","Ms",1,1,0,1,"Lehmann748",0,"F"
"391",391,1,1,"male",36,1,2,120,"S","Mr",4,0,0,0,"Carter760",4,"B"
"392",392,1,3,"male",21,0,0,7.7958,"S","Mr",1,1,0,1,"Jansson034",0,"E"
"393",393,0,3,"male",28,2,0,7.925,"S","Mr",3,1,0,0,"Gustafsson277",0,"G"
"394",394,1,1,"female",23,1,0,113.275,"C","Ms",2,1,0,0,"Newell273",2,"D"
"395",395,1,3,"female",24,0,2,16.7,"S","Mrs",3,1,1,0,"Sandstrom549",2,"G"
"396",396,0,3,"male",22,0,0,7.7958,"S","Mr",1,1,0,1,"Johansson052",0,"G"
"397",397,0,3,"female",31,0,0,7.8542,"S","Ms",1,1,0,1,"Olsson407",0,"G"
"398",398,0,2,"male",46,0,0,26,"S","Mr",1,1,0,1,"McKane403",0,"F"
"399",399,0,2,"male",23,0,0,10.5,"S","Mr",1,1,0,1,"Pain278",0,"E"
"400",400,1,2,"female",28,0,0,12.65,"S","Mrs",1,1,0,1,"Trout929",0,"F"
"401",401,1,3,"male",39,0,0,7.925,"S","Mr",1,1,0,1,"Niskanen289",0,"F"
"402",402,0,3,"male",26,0,0,8.05,"S","Mr",1,1,0,1,"Adams826",0,"G"
"403",403,0,3,"female",21,1,0,9.825,"S","Ms",2,1,0,0,"Jussila137",0,"G"
"404",404,0,3,"male",28,1,0,15.85,"S","Mr",2,1,0,0,"Hakkarainen279",1,"F"
"405",405,0,3,"female",20,0,0,8.6625,"S","Ms",1,1,0,1,"Oreskovic096",0,"F"
"406",406,0,2,"male",34,1,0,21,"S","Mr",2,1,0,0,"Gale664",0,"E"
"407",407,0,3,"male",51,0,0,7.75,"S","Mr",1,1,0,1,"Widegren064",0,"F"
"408",408,1,2,"male",3,1,1,18.75,"S","Master",3,1,0,0,"Richards106",3,"F"
"409",409,0,3,"male",21,0,0,7.775,"S","Mr",1,1,0,1,"Birkeland992",0,"E"
"410",410,0,3,"female",9,3,1,25.4667,"S","Miss",5,0,0,0,"Lefebre133",0,"F"
"411",411,0,3,"male",30,0,0,7.8958,"S","Mr",1,1,0,1,"Sdycoff222",0,"G"
"412",412,0,3,"male",27,0,0,6.8583,"Q","Mr",1,1,0,1,"Hart140",0,"F"
"413",413,1,1,"female",33,1,0,90,"Q","Ms",2,1,0,0,"Minahan928",1,"C"
"414",414,0,2,"male",27,0,0,0,"S","Mr",1,1,0,1,"Cunningham853",0,"F"
"415",415,1,3,"male",44,0,0,7.925,"S","Mr",1,1,0,1,"Sundman269",0,"F"
"416",416,0,3,"female",15,0,0,8.05,"S","Mrs",1,1,0,1,"Meek095",0,"G"
"417",417,1,2,"female",34,1,1,32.5,"S","Mrs",3,1,1,0,"Drew220",1,"F"
"418",418,1,2,"female",18,0,2,13,"S","Ms",3,1,0,0,"Silven652",1,"D"
"419",419,0,2,"male",30,0,0,13,"S","Mr",1,1,0,1,"Matthews228",0,"F"
"420",420,0,3,"female",10,0,2,24.15,"S","Miss",3,1,0,0,"Van Impe773",0,"F"
"421",421,0,3,"male",24,0,0,7.8958,"C","Mr",1,1,0,1,"Gheorgheff254",0,"G"
"422",422,0,3,"male",21,0,0,7.7333,"Q","Mr",1,1,0,1,"Charters032",0,"G"
"423",423,0,3,"male",29,0,0,7.875,"S","Mr",1,1,0,1,"Zimmerman082",0,"G"
"424",424,0,3,"female",28,1,1,14.4,"S","Mrs",3,1,1,0,"Danbom080",0,"F"
"425",425,0,3,"male",18,1,1,20.2125,"S","Mr",3,1,0,0,"Rosblom129",0,"G"
"426",426,0,3,"male",18,0,0,7.25,"S","Mr",1,1,0,1,"Wiseman244",0,"F"
"427",427,1,2,"female",28,1,0,26,"S","Mrs",2,1,0,0,"Clarke003",1,"D"
"428",428,1,2,"female",19,0,0,26,"S","Ms",1,1,0,1,"Phillips655",0,"E"
"429",429,0,3,"male",27,0,0,7.75,"Q","Mr",1,1,0,1,"Flynn851",0,"F"
"430",430,1,3,"male",32,0,0,8.05,"S","Mr",1,1,0,1,"Pickard078",0,"E"
"431",431,1,1,"male",28,0,0,26.55,"S","Mr",1,1,0,1,"Bjornstrom-Steffansson564",0,"C"
"432",432,1,3,"female",13,1,0,16.1,"S","Mrs",2,1,0,0,"Thorneycroft564",1,"F"
"433",433,1,2,"female",42,1,0,26,"S","Mrs",2,1,0,0,"Louch085",1,"F"
"434",434,0,3,"male",17,0,0,7.125,"S","Mr",1,1,0,1,"Kallio274",0,"E"
"435",435,0,1,"male",50,1,0,55.9,"S","Mr",2,1,0,0,"Silvey507",1,"E"
"436",436,1,1,"female",14,1,2,120,"S","Miss",4,0,0,0,"Carter760",4,"B"
"437",437,0,3,"female",21,2,2,34.375,"S","Ms",5,0,0,0,"Ford608",0,"G"
"438",438,1,2,"female",24,2,3,18.75,"S","Mrs",6,0,1,0,"Richards106",3,"E"
"439",439,0,1,"male",64,1,4,263,"S","Mr",6,0,0,0,"Fortune950",2,"C"
"440",440,0,2,"male",31,0,0,10.5,"S","Mr",1,1,0,1,"Kvillner723",0,"E"
"441",441,1,2,"female",45,1,1,26.25,"S","Mrs",3,1,1,0,"Hart529",2,"F"
"442",442,0,3,"male",20,0,0,9.5,"S","Mr",1,1,0,1,"Hampe769",0,"F"
"443",443,0,3,"male",25,1,0,7.775,"S","Mr",2,1,0,0,"Petterson076",0,"F"
"444",444,1,2,"female",28,0,0,13,"S","Ms",1,1,0,1,"Reynaldo434",0,"F"
"445",445,1,3,"male",20,0,0,8.1125,"S","Mr",1,1,0,1,"Johannesen-Bratthammer306",0,"E"
"446",446,1,1,"male",4,0,2,81.8583,"S","Master",3,1,0,0,"Dodge638",1,"A"
"447",447,1,2,"female",13,0,1,19.5,"S","Miss",2,1,0,0,"Mellinger644",2,"F"
"448",448,1,1,"male",34,0,0,26.55,"S","Mr",1,1,0,1,"Seward794",0,"B"
"449",449,1,3,"female",5,2,1,19.2583,"C","Miss",4,0,0,0,"Baclini666",4,"G"
"450",450,1,1,"male",52,0,0,30.5,"S","Mr",1,1,0,1,"Peuchen786",0,"C"
"451",451,0,2,"male",36,1,2,27.75,"S","Mr",4,0,0,0,"West651",2,"D"
"452",452,0,3,"male",0.83,1,0,19.9667,"S","Mr",2,1,0,0,"Hagland303",0,"G"
"453",453,0,1,"male",30,0,0,27.75,"C","Mr",1,1,0,1,"Foreman051",0,"C"
"454",454,1,1,"male",49,1,0,89.1042,"C","Mr",2,1,0,0,"Goldenberg453",2,"C"
"455",455,0,3,"male",30,0,0,8.05,"S","Mr",1,1,0,1,"Peduzzi817",0,"G"
"456",456,1,3,"male",29,0,0,7.8958,"C","Mr",1,1,0,1,"Jalsevac240",0,"F"
"457",457,0,1,"male",65,0,0,26.55,"S","Mr",1,1,0,1,"Millet509",0,"E"
"458",458,1,1,"female",22,1,0,51.8625,"S","Mrs",2,1,0,0,"Kenyon464",1,"D"
"459",459,1,2,"female",50,0,0,10.5,"S","Ms",1,1,0,1,"Toomey531",0,"D"
"460",460,0,3,"male",40,0,0,7.75,"Q","Mr",1,1,0,1,"O'Connor060",0,"E"
"461",461,1,1,"male",48,0,0,26.55,"S","Mr",1,1,0,1,"Anderson952",0,"E"
"462",462,0,3,"male",34,0,0,8.05,"S","Mr",1,1,0,1,"Morley506",0,"G"
"463",463,0,1,"male",47,0,0,38.5,"S","Mr",1,1,0,1,"Gee320",0,"E"
"464",464,0,2,"male",48,0,0,13,"S","Mr",1,1,0,1,"Milling360",0,"D"
"465",465,0,3,"male",20,0,0,8.05,"S","Mr",1,1,0,1,"Maisner816",0,"G"
"466",466,0,3,"male",38,0,0,7.05,"S","Mr",1,1,0,1,"Goncalves306",0,"G"
"467",467,0,2,"male",63,0,0,0,"S","Mr",1,1,0,1,"Campbell853",0,"D"
"468",468,0,1,"male",56,0,0,26.55,"S","Mr",1,1,0,1,"Smart792",0,"C"
"469",469,0,3,"male",18,0,0,7.725,"Q","Mr",1,1,0,1,"Scanlan209",0,"F"
"470",470,1,3,"female",0.75,2,1,19.2583,"C","Miss",4,0,0,0,"Baclini666",4,"E"
"471",471,0,3,"male",30,0,0,7.25,"S","Mr",1,1,0,1,"Keefe592",0,"F"
"472",472,0,3,"male",38,0,0,8.6625,"S","Mr",1,1,0,1,"Cacic089",0,"E"
"473",473,1,2,"female",33,1,2,27.75,"S","Mrs",4,0,1,0,"West651",2,"F"
"474",474,1,2,"female",23,0,0,13.7917,"C","Mrs",1,1,0,1,"Jerwan541",0,"D"
"475",475,0,3,"female",22,0,0,9.8375,"S","Ms",1,1,0,1,"Strandberg553",0,"E"
"476",476,0,1,"male",36,0,0,52,"S","Mr",1,1,0,1,"Clifford465",0,"A"
"477",477,0,2,"male",34,1,0,21,"S","Mr",2,1,0,0,"Renouf027",1,"E"
"478",478,0,3,"male",29,1,0,7.0458,"S","Mr",2,1,0,0,"Braund460",0,"G"
"479",479,0,3,"male",22,0,0,7.5208,"S","Mr",1,1,0,1,"Karlsson060",0,"G"
"480",480,1,3,"female",2,0,1,12.2875,"S","Miss",2,1,0,0,"Hirvonen298",1,"F"
"481",481,0,3,"male",9,5,2,46.9,"S","Master",8,0,0,0,"Goodwin144",0,"E"
"482",482,0,2,"male",27,0,0,0,"S","Mr",1,1,0,1,"Frost854",0,"D"
"483",483,0,3,"male",50,0,0,8.05,"S","Mr",1,1,0,1,"Rouse594",0,"G"
"484",484,1,3,"female",63,0,0,9.5875,"S","Mrs",1,1,0,1,"Turkula134",0,"F"
"485",485,1,1,"male",25,1,0,91.0792,"C","Mr",2,1,0,0,"Bishop967",2,"B"
"486",486,0,3,"female",13,3,1,25.4667,"S","Miss",5,0,0,0,"Lefebre133",0,"F"
"487",487,1,1,"female",35,1,0,90,"S","Mrs",2,1,0,0,"Hoyt943",2,"C"
"488",488,0,1,"male",58,0,0,29.7,"C","Mr",1,1,0,1,"Kent771",0,"B"
"489",489,0,3,"male",30,0,0,8.05,"S","Mr",1,1,0,1,"Somerton509",0,"G"
"490",490,1,3,"male",9,1,1,15.9,"S","Master",3,1,0,0,"Coutts671",2,"E"
"491",491,0,3,"male",1,1,0,19.9667,"S","Mr",2,1,0,0,"Hagland304",0,"G"
"492",492,0,3,"male",21,0,0,7.25,"S","Mr",1,1,0,1,"Windelov317",0,"E"
"493",493,0,1,"male",55,0,0,30.5,"S","Mr",1,1,0,1,"Molson787",0,"C"
"494",494,0,1,"male",71,0,0,49.5042,"C","Mr",1,1,0,1,"Artagaveytia609",0,"B"
"495",495,0,3,"male",21,0,0,8.05,"S","Mr",1,1,0,1,"Stanley380",0,"F"
"496",496,0,3,"male",7,0,0,14.4583,"C","Mr",1,1,0,1,"Yousseff627",0,"F"
"497",497,1,1,"female",54,1,0,78.2667,"C","Ms",2,1,0,0,"Eustis947",1,"D"
"498",498,0,3,"male",6,0,0,15.1,"S","Mr",1,1,0,1,"Shellard212",0,"E"
"499",499,0,1,"female",25,1,2,151.55,"S","Mrs",4,0,1,0,"Allison781",1,"C"
"500",500,0,3,"male",24,0,0,7.7958,"S","Mr",1,1,0,1,"Svensson035",0,"G"
"501",501,0,3,"male",17,0,0,8.6625,"S","Mr",1,1,0,1,"Calic086",0,"G"
"502",502,0,3,"female",21,0,0,7.75,"Q","Ms",1,1,0,1,"Canavan846",0,"G"
"503",503,0,3,"female",9,0,0,7.6292,"Q","Miss",1,1,0,1,"O'Sullivan909",0,"G"
"504",504,0,3,"female",37,0,0,9.5875,"S","Ms",1,1,0,1,"Laitinen135",0,"F"
"505",505,1,1,"female",16,0,0,86.5,"S","Ms",1,1,0,1,"Maioni152",0,"B"
"506",506,0,1,"male",18,1,0,108.9,"C","Mr",2,1,0,0,"Penasco y Castellana758",1,"C"
"507",507,1,2,"female",33,0,2,26,"S","Mrs",3,1,1,0,"Quick360",2,"D"
"508",508,1,1,"male",26,0,0,26.55,"S","Mr",1,1,0,1,"Bradley427",0,"C"
"509",509,0,3,"male",28,0,0,22.525,"S","Mr",1,1,0,1,"Olsen001",0,"G"
"510",510,1,3,"male",26,0,0,56.4958,"S","Mr",1,1,0,1,"Lang601",0,"F"
"511",511,1,3,"male",29,0,0,7.75,"Q","Mr",1,1,0,1,"Daly651",0,"E"
"512",512,0,3,"male",15,0,0,8.05,"S","Mr",1,1,0,1,"Webber316",0,"E"
"513",513,1,1,"male",36,0,0,26.2875,"S","Mr",1,1,0,1,"McGough473",0,"E"
"514",514,1,1,"female",54,1,0,59.4,"C","Mrs",2,1,0,0,"Rothschild603",1,"A"
"515",515,0,3,"male",24,0,0,7.4958,"S","Mr",1,1,0,1,"Coleff209",0,"G"
"516",516,0,1,"male",47,0,0,34.0208,"S","Mr",1,1,0,1,"Walker967",0,"D"
"517",517,1,2,"female",34,0,0,10.5,"S","Mrs",1,1,0,1,"Lemore260",0,"F"
"518",518,0,3,"male",27,0,0,24.15,"Q","Mr",1,1,0,1,"Ryan110",0,"F"
"519",519,1,2,"female",36,1,0,26,"S","Mrs",2,1,0,0,"Angle875",1,"E"
"520",520,0,3,"male",32,0,0,7.8958,"S","Mr",1,1,0,1,"Pavlovic242",0,"G"
"521",521,1,1,"female",30,0,0,93.5,"S","Ms",1,1,0,1,"Perreault749",0,"B"
"522",522,0,3,"male",22,0,0,7.8958,"S","Mr",1,1,0,1,"Vovk252",0,"F"
"523",523,0,3,"male",20,0,0,7.225,"C","Mr",1,1,0,1,"Lahoud624",0,"F"
"524",524,1,1,"female",44,0,1,57.9792,"C","Mrs",2,1,1,0,"Hippach361",2,"B"
"525",525,0,3,"male",24,0,0,7.2292,"C","Mr",1,1,0,1,"Kassem700",0,"G"
"526",526,0,3,"male",40.5,0,0,7.75,"Q","Mr",1,1,0,1,"Farrell232",0,"G"
"527",527,1,2,"female",50,0,0,10.5,"S","Ms",1,1,0,1,"Ridsdale258",0,"F"
"528",528,0,1,"male",27,0,0,221.7792,"S","Mr",1,1,0,1,"Farthing483",0,"C"
"529",529,0,3,"male",39,0,0,7.925,"S","Mr",1,1,0,1,"Salonen296",0,"G"
"530",530,0,2,"male",23,2,1,11.5,"S","Mr",4,0,0,0,"Hocking104",0,"D"
"531",531,1,2,"female",2,1,1,26,"S","Miss",3,1,0,0,"Quick360",2,"E"
"532",532,0,3,"male",24,0,0,7.2292,"C","Mr",1,1,0,1,"Toufik641",0,"E"
"533",533,0,3,"male",17,1,1,7.2292,"C","Mr",3,1,0,0,"Elias690",0,"F"
"534",534,1,3,"female",38,0,2,22.3583,"C","Mrs",3,1,1,0,"Peter668",2,"C"
"535",535,0,3,"female",30,0,0,8.6625,"S","Ms",1,1,0,1,"Cacic084",0,"F"
"536",536,1,2,"female",7,0,2,26.25,"S","Miss",3,1,0,0,"Hart529",2,"D"
"537",537,0,1,"male",45,0,0,26.55,"S","Mr",1,1,0,1,"Butt050",0,"B"
"538",538,1,1,"female",30,0,0,106.425,"C","Ms",1,1,0,1,"LeRoy761",0,"C"
"539",539,0,3,"male",18,0,0,14.5,"S","Mr",1,1,0,1,"Risien498",0,"G"
"540",540,1,1,"female",22,0,2,49.5,"C","Ms",3,1,0,0,"Frolicher568",1,"B"
"541",541,1,1,"female",36,0,2,71,"S","Ms",3,1,0,0,"Crosby735",1,"B"
"542",542,0,3,"female",9,4,2,31.275,"S","Miss",7,0,0,0,"Andersson082",0,"F"
"543",543,0,3,"female",11,4,2,31.275,"S","Miss",7,0,0,0,"Andersson082",0,"E"
"544",544,1,2,"male",32,1,0,26,"S","Mr",2,1,0,0,"Beane908",2,"F"
"545",545,0,1,"male",50,1,0,106.425,"C","Mr",2,1,0,0,"Douglas761",0,"C"
"546",546,0,1,"male",64,0,0,26,"S","Mr",1,1,0,1,"Nicholson693",0,"C"
"547",547,1,2,"female",19,1,0,26,"S","Mrs",2,1,0,0,"Beane908",2,"F"
"548",548,1,2,"male",15,0,0,13.8625,"C","Mr",1,1,0,1,"Padro y Manent146",0,"D"
"549",549,0,3,"male",33,1,1,20.525,"S","Mr",3,1,0,0,"Goldsmith291",2,"F"
"550",550,1,2,"male",8,1,1,36.75,"S","Master",3,1,0,0,"Davies112",1,"F"
"551",551,1,1,"male",17,0,2,110.8833,"C","Mr",3,1,0,0,"Thayer421",2,"C"
"552",552,0,2,"male",27,0,0,26,"S","Mr",1,1,0,1,"Sharp358",0,"E"
"553",553,0,3,"male",18,0,0,7.8292,"Q","Mr",1,1,0,1,"O'Brien979",0,"F"
"554",554,1,3,"male",22,0,0,7.225,"C","Mr",1,1,0,1,"Leeni620",0,"G"
"555",555,1,3,"female",22,0,0,7.775,"S","Ms",1,1,0,1,"Ohman085",0,"G"
"556",556,0,1,"male",62,0,0,26.55,"S","Mr",1,1,0,1,"Wright807",0,"C"
"557",557,1,1,"female",48,1,0,39.6,"C","Mrs",2,1,0,0,"Duff Gordon755",1,"A"
"558",558,0,1,"male",36,0,0,227.525,"C","Mr",1,1,0,1,"Robbins757",0,"B"
"559",559,1,1,"female",39,1,1,79.65,"S","Mrs",3,1,1,0,"Taussig413",2,"E"
"560",560,1,3,"female",36,1,0,17.4,"S","Mrs",2,1,0,0,"de Messemaeker572",1,"E"
"561",561,0,3,"male",33,0,0,7.75,"Q","Mr",1,1,0,1,"Morrow622",0,"G"
"562",562,0,3,"male",40,0,0,7.8958,"S","Mr",1,1,0,1,"Sivic251",0,"F"
"563",563,0,2,"male",28,0,0,13.5,"S","Mr",1,1,0,1,"Norman629",0,"F"
"564",564,0,3,"male",20,0,0,8.05,"S","Mr",1,1,0,1,"Simmons082",0,"F"
"565",565,0,3,"female",7,0,0,8.05,"S","Miss",1,1,0,1,"Meanwell087",0,"G"
"566",566,0,3,"male",24,2,0,24.15,"S","Mr",3,1,0,0,"Davies871",0,"G"
"567",567,0,3,"male",19,0,0,7.8958,"S","Mr",1,1,0,1,"Stoytcheff205",0,"F"
"568",568,0,3,"female",29,0,4,21.075,"S","Mrs",5,0,1,0,"Palsson909",0,"E"
"569",569,0,3,"male",24,0,0,7.2292,"C","Mr",1,1,0,1,"Doharr686",0,"E"
"570",570,1,3,"male",32,0,0,7.8542,"S","Mr",1,1,0,1,"Jonsson417",0,"F"
"571",571,1,2,"male",62,0,0,10.5,"S","Mr",1,1,0,1,"Harris752",0,"F"
"572",572,1,1,"female",53,2,0,51.4792,"S","Mrs",3,1,0,0,"Appleton769",1,"C"
"573",573,1,1,"male",36,0,0,26.3875,"S","Mr",1,1,0,1,"Flynn474",0,"E"
"574",574,1,3,"female",11,0,0,7.75,"Q","Miss",1,1,0,1,"Kelly312",0,"F"
"575",575,0,3,"male",16,0,0,8.05,"S","Mr",1,1,0,1,"Rush589",0,"G"
"576",576,0,3,"male",19,0,0,14.5,"S","Mr",1,1,0,1,"Patchett585",0,"F"
"577",577,1,2,"female",34,0,0,13,"S","Ms",1,1,0,1,"Garside880",0,"F"
"578",578,1,1,"female",39,1,0,55.9,"S","Mrs",2,1,0,0,"Silvey507",1,"E"
"579",579,0,3,"female",1,1,0,14.4583,"C","Mrs",2,1,0,0,"Caram689",0,"G"
"580",580,1,3,"male",32,0,0,7.925,"S","Mr",1,1,0,1,"Jussila286",0,"F"
"581",581,1,2,"female",25,1,1,30,"S","Ms",3,1,0,0,"Christy789",1,"D"
"582",582,1,1,"female",39,1,1,110.8833,"C","Mrs",3,1,1,0,"Thayer421",2,"C"
"583",583,0,2,"male",54,0,0,26,"S","Mr",1,1,0,1,"Downton403",0,"F"
"584",584,0,1,"male",36,0,0,40.125,"C","Mr",1,1,0,1,"Ross049",0,"A"
"585",585,0,3,"male",7,0,0,8.7125,"C","Mr",1,1,0,1,"Paulner411",0,"F"
"586",586,1,1,"female",18,0,2,79.65,"S","Ms",3,1,0,0,"Taussig413",2,"E"
"587",587,0,2,"male",47,0,0,15,"S","Mr",1,1,0,1,"Jarvis565",0,"D"
"588",588,1,1,"male",60,1,1,79.2,"C","Mr",3,1,0,0,"Frolicher-Stehli567",1,"B"
"589",589,0,3,"male",22,0,0,8.05,"S","Mr",1,1,0,1,"Gilinski973",0,"F"
"590",590,0,3,"male",15,0,0,8.05,"S","Mr",1,1,0,1,"Murdlin235",0,"F"
"591",591,0,3,"male",35,0,0,7.125,"S","Mr",1,1,0,1,"Rintamaki273",0,"F"
"592",592,1,1,"female",52,1,0,78.2667,"C","Mrs",2,1,0,0,"Stephenson947",1,"D"
"593",593,0,3,"male",47,0,0,7.25,"S","Mr",1,1,0,1,"Elsbury902",0,"G"
"594",594,0,3,"female",5,0,2,7.75,"Q","Miss",3,1,0,0,"Bourke848",0,"E"
"595",595,0,2,"male",37,1,0,26,"S","Mr",2,1,0,0,"Chapman037",0,"D"
"596",596,0,3,"male",36,1,1,24.15,"S","Mr",3,1,0,0,"Van Impe773",0,"G"
"597",597,1,2,"female",17,0,0,33,"S","Ms",1,1,0,1,"Leitch727",0,"F"
"598",598,0,3,"male",49,0,0,0,"S","Mr",1,1,0,1,"JohnsonINE",0,"F"
"599",599,0,3,"male",8,0,0,7.225,"C","Mr",1,1,0,1,"Boulos664",0,"F"
"600",600,1,1,"male",49,1,0,56.9292,"C","Mr",2,1,0,0,"Duff Gordon485",1,"A"
"601",601,1,2,"female",24,2,1,27,"S","Mrs",4,0,1,0,"Jacobsohn847",1,"F"
"602",602,0,3,"male",15,0,0,7.8958,"S","Mr",1,1,0,1,"Slabenoff214",0,"F"
"603",603,0,1,"male",39,0,0,42.4,"S","Mr",1,1,0,1,"Harrington796",0,"C"
"604",604,0,3,"male",44,0,0,8.05,"S","Mr",1,1,0,1,"Torber511",0,"F"
"605",605,1,1,"male",35,0,0,26.55,"C","Mr",1,1,0,1,"Homer426",0,"D"
"606",606,0,3,"male",36,1,0,15.55,"S","Mr",2,1,0,0,"Lindell910",0,"E"
"607",607,0,3,"male",30,0,0,7.8958,"S","Mr",1,1,0,1,"Karaic246",0,"F"
"608",608,1,1,"male",27,0,0,30.5,"S","Mr",1,1,0,1,"Daniel804",0,"E"
"609",609,1,2,"female",22,1,2,41.5792,"C","Mrs",4,0,1,0,"Laroche123",2,"F"
"610",610,1,1,"female",40,0,0,153.4625,"S","Ms",1,1,0,1,"Shutes582",0,"C"
"611",611,0,3,"female",39,1,5,31.275,"S","Mrs",7,0,1,0,"Andersson082",0,"G"
"612",612,0,3,"male",18,0,0,7.05,"S","Mr",1,1,0,1,"Jardin305",0,"F"
"613",613,1,3,"female",27,1,0,15.5,"Q","Ms",2,1,0,0,"Murphy230",2,"E"
"614",614,0,3,"male",27,0,0,7.75,"Q","Mr",1,1,0,1,"Horgan377",0,"F"
"615",615,0,3,"male",35,0,0,8.05,"S","Mr",1,1,0,1,"Brocklebank512",0,"G"
"616",616,1,2,"female",24,1,2,65,"S","Ms",4,0,0,0,"Herman845",2,"F"
"617",617,0,3,"male",34,1,1,14.4,"S","Mr",3,1,0,0,"Danbom080",0,"G"
"618",618,0,3,"female",26,1,0,16.1,"S","Mrs",2,1,0,0,"Lobb336",0,"F"
"619",619,1,2,"female",4,2,1,39,"S","Miss",4,0,0,0,"Becker136",2,"F"
"620",620,0,2,"male",26,0,0,10.5,"S","Mr",1,1,0,1,"Gavey028",0,"F"
"621",621,0,3,"male",27,1,0,14.4542,"C","Mr",2,1,0,0,"Yasbeck659",1,"F"
"622",622,1,1,"male",42,1,0,52.5542,"S","Mr",2,1,0,0,"Kimball753",1,"D"
"623",623,1,3,"male",20,1,1,15.7417,"C","Mr",3,1,0,0,"Nakid653",2,"G"
"624",624,0,3,"male",21,0,0,7.8542,"S","Mr",1,1,0,1,"Hansen029",0,"E"
"625",625,0,3,"male",21,0,0,16.1,"S","Mr",1,1,0,1,"Bowen636",0,"F"
"626",626,0,1,"male",61,0,0,32.3208,"S","Mr",1,1,0,1,"Sutton963",0,"D"
"627",627,0,2,"male",57,0,0,12.35,"Q","Mr",1,1,0,1,"Kirkland533",0,"D"
"628",628,1,1,"female",21,0,0,77.9583,"S","Ms",1,1,0,1,"Longley502",0,"D"
"629",629,0,3,"male",26,0,0,7.8958,"S","Mr",1,1,0,1,"Bostandyeff224",0,"F"
"630",630,0,3,"male",40,0,0,7.7333,"Q","Mr",1,1,0,1,"O'Connell912",0,"F"
"631",631,1,1,"male",80,0,0,30,"S","Mr",1,1,0,1,"Barkworth042",0,"A"
"632",632,0,3,"male",51,0,0,7.0542,"S","Mr",1,1,0,1,"Lundahl743",0,"G"
"633",633,1,1,"male",32,0,0,30.5,"C","Mr",1,1,0,1,"Stahelin-Maeglin214",0,"B"
"634",634,0,1,"male",44,0,0,0,"S","Mr",1,1,0,1,"Parr052",0,"C"
"635",635,0,3,"female",9,3,2,27.9,"S","Miss",6,0,0,0,"Skoog088",0,"G"
"636",636,1,2,"female",28,0,0,13,"S","Ms",1,1,0,1,"Davis668",0,"E"
"637",637,0,3,"male",32,0,0,7.925,"S","Mr",1,1,0,1,"Leinonen292",0,"G"
"638",638,0,2,"male",31,1,1,26.25,"S","Mr",3,1,0,0,"Collyer921",2,"D"
"639",639,0,3,"female",41,0,5,39.6875,"S","Mrs",6,0,1,0,"Panula295",0,"E"
"640",640,0,3,"male",11,1,0,16.1,"S","Mr",2,1,0,0,"Thorneycroft564",1,"G"
"641",641,0,3,"male",20,0,0,7.8542,"S","Mr",1,1,0,1,"Jensen050",0,"F"
"642",642,1,1,"female",24,0,0,69.3,"C","Ms",1,1,0,1,"Sagesser477",0,"B"
"643",643,0,3,"female",2,3,2,27.9,"S","Miss",6,0,0,0,"Skoog088",0,"F"
"644",644,1,3,"male",15,0,0,56.4958,"S","Mr",1,1,0,1,"Foo601",0,"F"
"645",645,1,3,"female",0.75,2,1,19.2583,"C","Miss",4,0,0,0,"Baclini666",4,"E"
"646",646,1,1,"male",48,1,0,76.7292,"C","Mr",2,1,0,0,"Harper572",2,"D"
"647",647,0,3,"male",19,0,0,7.8958,"S","Mr",1,1,0,1,"Cor231",0,"G"
"648",648,1,1,"male",56,0,0,35.5,"C","Mr",1,1,0,1,"Simonius-Blumer213",0,"A"
"649",649,0,3,"male",20,0,0,7.55,"S","Mr",1,1,0,1,"Willey751",0,"F"
"650",650,1,3,"female",23,0,0,7.55,"S","Ms",1,1,0,1,"Stanley314",0,"G"
"651",651,0,3,"male",15,0,0,7.8958,"S","Mr",1,1,0,1,"Mitkoff221",0,"F"
"652",652,1,2,"female",18,0,1,23,"S","Ms",2,1,0,0,"Doling919",2,"F"
"653",653,0,3,"male",21,0,0,8.4333,"S","Mr",1,1,0,1,"Kalvik475",0,"F"
"654",654,1,3,"female",19,0,0,7.8292,"Q","Ms",1,1,0,1,"O'Leary919",0,"G"
"655",655,0,3,"female",18,0,0,6.75,"Q","Ms",1,1,0,1,"Hegarty226",0,"G"
"656",656,0,2,"male",24,2,0,73.5,"S","Mr",3,1,0,0,"Hickman879",0,"F"
"657",657,0,3,"male",6,0,0,7.8958,"S","Mr",1,1,0,1,"Radeff223",0,"G"
"658",658,0,3,"female",32,1,1,15.5,"Q","Mrs",3,1,1,0,"Bourke849",0,"F"
"659",659,0,2,"male",23,0,0,13,"S","Mr",1,1,0,1,"Eitemiller751",0,"F"
"660",660,0,1,"male",58,0,2,113.275,"C","Mr",3,1,0,0,"Newell273",2,"D"
"661",661,1,1,"male",50,2,0,133.65,"S","Mr",3,1,0,0,"Frauenthal611",2,"D"
"662",662,0,3,"male",40,0,0,7.225,"C","Mr",1,1,0,1,"Badt623",0,"E"
"663",663,0,1,"male",47,0,0,25.5875,"S","Mr",1,1,0,1,"Colley727",0,"E"
"664",664,0,3,"male",36,0,0,7.4958,"S","Mr",1,1,0,1,"Coleff210",0,"F"
"665",665,1,3,"male",20,1,0,7.925,"S","Mr",2,1,0,0,"Lindqvist285",1,"G"
"666",666,0,2,"male",32,2,0,73.5,"S","Mr",3,1,0,0,"Hickman879",0,"E"
"667",667,0,2,"male",25,0,0,13,"S","Mr",1,1,0,1,"Butler686",0,"D"
"668",668,0,3,"male",6,0,0,7.775,"S","Mr",1,1,0,1,"Rommetvedt993",0,"G"
"669",669,0,3,"male",43,0,0,8.05,"S","Mr",1,1,0,1,"Cook536",0,"G"
"670",670,1,1,"female",18,1,0,52,"S","Mrs",2,1,0,0,"Taylor996",2,"C"
"671",671,1,2,"female",40,1,1,39,"S","Mrs",3,1,1,0,"Brown750",1,"F"
"672",672,0,1,"male",31,1,0,52,"S","Mr",2,1,0,0,"Davidson750",0,"B"
"673",673,0,2,"male",70,0,0,10.5,"S","Mr",1,1,0,1,"Mitchell580",0,"F"
"674",674,1,2,"male",31,0,0,13,"S","Mr",1,1,0,1,"Wilhelms270",0,"F"
"675",675,0,2,"male",63,0,0,0,"S","Mr",1,1,0,1,"Watson856",0,"E"
"676",676,0,3,"male",18,0,0,7.775,"S","Mr",1,1,0,1,"Edvardsson912",0,"G"
"677",677,0,3,"male",24.5,0,0,8.05,"S","Mr",1,1,0,1,"Sawyer826",0,"G"
"678",678,1,3,"female",18,0,0,9.8417,"S","Ms",1,1,0,1,"Turja138",0,"G"
"679",679,0,3,"female",43,1,6,46.9,"S","Mrs",8,0,1,0,"Goodwin144",0,"F"
"680",680,1,1,"male",36,0,1,512.3292,"C","Mr",2,1,0,0,"Cardeza755",1,"B"
"681",681,0,3,"female",4,0,0,8.1375,"Q","Miss",1,1,0,1,"Peters935",0,"G"
"682",682,1,1,"male",27,0,0,76.7292,"C","Mr",1,1,0,1,"Hassab572",0,"D"
"683",683,0,3,"male",20,0,0,9.225,"S","Mr",1,1,0,1,"Olsvigen563",0,"F"
"684",684,0,3,"male",14,5,2,46.9,"S","Master",8,0,0,0,"Goodwin144",0,"F"
"685",685,0,2,"male",60,1,1,39,"S","Mr",3,1,0,0,"Brown750",1,"E"
"686",686,0,2,"male",25,1,2,41.5792,"C","Mr",4,0,0,0,"Laroche123",2,"D"
"687",687,0,3,"male",14,4,1,39.6875,"S","Master",6,0,0,0,"Panula295",0,"F"
"688",688,0,3,"male",19,0,0,10.1708,"S","Mr",1,1,0,1,"Dakic228",0,"F"
"689",689,0,3,"male",18,0,0,7.7958,"S","Mr",1,1,0,1,"Fischer036",0,"E"
"690",690,1,1,"female",15,0,1,211.3375,"S","Ms",2,1,0,0,"Madill160",1,"B"
"691",691,1,1,"male",31,1,0,57,"S","Mr",2,1,0,0,"Dick474",2,"B"
"692",692,1,3,"female",4,0,1,13.4167,"C","Miss",2,1,0,0,"Karun256",1,"F"
"693",693,1,3,"male",18,0,0,56.4958,"S","Mr",1,1,0,1,"Lam601",0,"G"
"694",694,0,3,"male",25,0,0,7.225,"C","Mr",1,1,0,1,"Saad672",0,"G"
"695",695,0,1,"male",60,0,0,26.55,"S","Mr",1,1,0,1,"Weir800",0,"C"
"696",696,0,2,"male",52,0,0,13.5,"S","Mr",1,1,0,1,"Chapman731",0,"F"
"697",697,0,3,"male",44,0,0,8.05,"S","Mr",1,1,0,1,"Kelly592",0,"F"
"698",698,1,3,"female",4,0,0,7.7333,"Q","Miss",1,1,0,1,"Mullens852",0,"G"
"699",699,0,1,"male",49,1,1,110.8833,"C","Mr",3,1,0,0,"Thayer421",2,"C"
"700",700,0,3,"male",42,0,0,7.65,"S","Mr",1,1,0,1,"Humblen121",0,"F"
"701",701,1,1,"female",18,1,0,227.525,"C","Mrs",2,1,0,0,"Astor757",1,"C"
"702",702,1,1,"male",35,0,0,26.2875,"S","Mr",1,1,0,1,"Silverthorne475",0,"E"
"703",703,0,3,"female",18,0,1,14.4542,"C","Ms",2,1,0,0,"Barbara691",0,"F"
"704",704,0,3,"male",25,0,0,7.7417,"Q","Mr",1,1,0,1,"Gallagher864",0,"F"
"705",705,0,3,"male",26,1,0,7.8542,"S","Mr",2,1,0,0,"Hansen025",0,"G"
"706",706,0,2,"male",39,0,0,26,"S","Mr",1,1,0,1,"Morley655",0,"F"
"707",707,1,2,"female",45,0,0,13.5,"S","Mrs",1,1,0,1,"Kelly596",0,"F"
"708",708,1,1,"male",42,0,0,26.2875,"S","Mr",1,1,0,1,"Calderhead476",0,"E"
"709",709,1,1,"female",22,0,0,151.55,"S","Ms",1,1,0,1,"Cleaver781",0,"D"
"710",710,1,3,"male",3,1,1,15.2458,"C","Master",3,1,0,0,"Moubarek661",2,"F"
"711",711,1,1,"female",24,0,0,49.5042,"C","Ms",1,1,0,1,"Mayne482",0,"C"
"712",712,0,1,"male",41,0,0,26.55,"S","Mr",1,1,0,1,"Klaber028",0,"C"
"713",713,1,1,"male",48,1,0,52,"S","Mr",2,1,0,0,"Taylor996",2,"C"
"714",714,0,3,"male",29,0,0,9.4833,"S","Mr",1,1,0,1,"Larsson545",0,"G"
"715",715,0,2,"male",52,0,0,13,"S","Mr",1,1,0,1,"Greenberg647",0,"D"
"716",716,0,3,"male",19,0,0,7.65,"S","Mr",1,1,0,1,"Soholt124",0,"F"
"717",717,1,1,"female",38,0,0,227.525,"C","Ms",1,1,0,1,"Endres757",0,"C"
"718",718,1,2,"female",27,0,0,10.5,"S","Ms",1,1,0,1,"Troutt218",0,"E"
"719",719,0,3,"male",33,0,0,15.5,"Q","Mr",1,1,0,1,"McEvoy568",0,"G"
"720",720,0,3,"male",33,0,0,7.775,"S","Mr",1,1,0,1,"Johnson062",0,"G"
"721",721,1,2,"female",6,0,1,33,"S","Miss",2,1,0,0,"Harper727",1,"F"
"722",722,0,3,"male",17,1,0,7.0542,"S","Mr",2,1,0,0,"Jensen048",0,"E"
"723",723,0,2,"male",34,0,0,13,"S","Mr",1,1,0,1,"Gillespie233",0,"F"
"724",724,0,2,"male",50,0,0,13,"S","Mr",1,1,0,1,"Hodges643",0,"E"
"725",725,1,1,"male",27,1,0,53.1,"S","Mr",2,1,0,0,"Chambers806",2,"E"
"726",726,0,3,"male",20,0,0,8.6625,"S","Mr",1,1,0,1,"Oreskovic094",0,"F"
"727",727,1,2,"female",30,3,0,21,"S","Mrs",4,0,0,0,"Renouf027",1,"D"
"728",728,1,3,"female",9,0,0,7.7375,"Q","Miss",1,1,0,1,"Mannion866",0,"E"
"729",729,0,2,"male",25,1,0,26,"S","Mr",2,1,0,0,"Bryhl853",0,"F"
"730",730,0,3,"female",25,1,0,7.925,"S","Ms",2,1,0,0,"Ilmakangas271",0,"G"
"731",731,1,1,"female",29,0,0,211.3375,"S","Ms",1,1,0,1,"Allen160",0,"B"
"732",732,0,3,"male",11,0,0,18.7875,"C","Master",1,1,0,1,"Hassan699",0,"F"
"733",733,0,2,"male",22,0,0,0,"S","Mr",1,1,0,1,"Knight855",0,"F"
"734",734,0,2,"male",23,0,0,13,"S","Mr",1,1,0,1,"Berriman425",0,"E"
"735",735,0,2,"male",23,0,0,13,"S","Mr",1,1,0,1,"Troupiansky639",0,"D"
"736",736,0,3,"male",28.5,0,0,16.1,"S","Mr",1,1,0,1,"Williams636",0,"G"
"737",737,0,3,"female",48,1,3,34.375,"S","Mrs",5,0,1,0,"Ford608",0,"F"
"738",738,1,1,"male",35,0,0,512.3292,"C","Mr",1,1,0,1,"Lesurer755",0,"B"
"739",739,0,3,"male",20,0,0,7.8958,"S","Mr",1,1,0,1,"Ivanoff201",0,"F"
"740",740,0,3,"male",18,0,0,7.8958,"S","Mr",1,1,0,1,"Nankoff218",0,"F"
"741",741,1,1,"male",28,0,0,30,"S","Mr",1,1,0,1,"Hawksford988",0,"D"
"742",742,0,1,"male",36,1,0,78.85,"S","Mr",2,1,0,0,"Cavendish877",0,"C"
"743",743,1,1,"female",21,2,2,262.375,"C","Ms",5,0,0,0,"Ryerson608",2,"B"
"744",744,0,3,"male",24,1,0,16.1,"S","Mr",2,1,0,0,"McNamee566",0,"G"
"745",745,1,3,"male",31,0,0,7.925,"S","Mr",1,1,0,1,"Stranden288",0,"E"
"746",746,0,1,"male",70,1,1,71,"S","Mr",3,1,0,0,"Crosby735",1,"B"
"747",747,0,3,"male",16,1,1,20.25,"S","Mr",3,1,0,0,"Abbott673",1,"E"
"748",748,1,2,"female",30,0,0,13,"S","Ms",1,1,0,1,"Sinkkonen648",0,"F"
"749",749,0,1,"male",19,1,0,53.1,"S","Mr",2,1,0,0,"Marvin773",0,"D"
"750",750,0,3,"male",31,0,0,7.75,"Q","Mr",1,1,0,1,"Connaghton097",0,"G"
"751",751,1,2,"female",4,1,1,23,"S","Miss",3,1,0,0,"Wells103",1,"D"
"752",752,1,3,"male",6,0,1,12.475,"S","Master",2,1,0,0,"Moor096",2,"E"
"753",753,0,3,"male",33,0,0,9.5,"S","Mr",1,1,0,1,"Vande Velde780",0,"F"
"754",754,0,3,"male",23,0,0,7.8958,"S","Mr",1,1,0,1,"Jonkoff204",0,"F"
"755",755,1,2,"female",48,1,2,65,"S","Mrs",4,0,1,0,"Herman845",2,"F"
"756",756,1,2,"male",0.67,1,1,14.5,"S","Master",3,1,0,0,"Hamalainen649",2,"D"
"757",757,0,3,"male",28,0,0,7.7958,"S","Mr",1,1,0,1,"Carlsson042",0,"F"
"758",758,0,2,"male",18,0,0,11.5,"S","Mr",1,1,0,1,"Bailey108",0,"F"
"759",759,0,3,"male",34,0,0,8.05,"S","Mr",1,1,0,1,"Theobald294",0,"G"
"760",760,1,1,"female",33,0,0,86.5,"S","Mrs",1,1,0,1,"Rothes152",0,"B"
"761",761,0,3,"male",20,0,0,14.5,"S","Mr",1,1,0,1,"Garfirth585",0,"G"
"762",762,0,3,"male",41,0,0,7.125,"S","Mr",1,1,0,1,"Nirva272",0,"G"
"763",763,1,3,"male",20,0,0,7.2292,"C","Mr",1,1,0,1,"Barah663",0,"F"
"764",764,1,1,"female",36,1,2,120,"S","Mrs",4,0,1,0,"Carter760",4,"B"
"765",765,0,3,"male",16,0,0,7.775,"S","Mr",1,1,0,1,"Eklund074",0,"G"
"766",766,1,1,"female",51,1,0,77.9583,"S","Mrs",2,1,0,0,"Hogeboom502",1,"D"
"767",767,0,1,"male",26,0,0,39.6,"C","Mr",1,1,0,1,"Brewe379",0,"A"
"768",768,0,3,"female",30.5,0,0,7.75,"Q","Ms",1,1,0,1,"Mangan850",0,"G"
"769",769,0,3,"male",18,1,0,24.15,"Q","Mr",2,1,0,0,"Moran110",1,"G"
"770",770,0,3,"male",32,0,0,8.3625,"S","Mr",1,1,0,1,"Gronnestad471",0,"E"
"771",771,0,3,"male",24,0,0,9.5,"S","Mr",1,1,0,1,"Lievens781",0,"G"
"772",772,0,3,"male",48,0,0,7.8542,"S","Mr",1,1,0,1,"Jensen047",0,"F"
"773",773,0,2,"female",57,0,0,10.5,"S","Mrs",1,1,0,1,"Mack. 3",0,"E"
"774",774,0,3,"male",8,0,0,7.225,"C","Mr",1,1,0,1,"Elias674",0,"F"
"775",775,1,2,"female",54,1,3,23,"S","Mrs",5,0,1,0,"Hocking105",1,"F"
"776",776,0,3,"male",18,0,0,7.75,"S","Mr",1,1,0,1,"Myhrman078",0,"G"
"777",777,0,3,"male",33,0,0,7.75,"Q","Mr",1,1,0,1,"Tobin121",0,"F"
"778",778,1,3,"female",5,0,0,12.475,"S","Miss",1,1,0,1,"Emanuel516",0,"F"
"779",779,0,3,"male",27,0,0,7.7375,"Q","Mr",1,1,0,1,"Kilgannon865",0,"F"
"780",780,1,1,"female",43,0,1,211.3375,"S","Mrs",2,1,1,0,"Robert160",1,"B"
"781",781,1,3,"female",13,0,0,7.2292,"C","Miss",1,1,0,1,"Ayoub687",0,"G"
"782",782,1,1,"female",17,1,0,57,"S","Mrs",2,1,0,0,"Dick474",2,"B"
"783",783,0,1,"male",29,0,0,30,"S","Mr",1,1,0,1,"Long501",0,"D"
"784",784,0,3,"male",5,1,2,23.45,"S","Mr",4,0,0,0,"Johnston607",0,"G"
"785",785,0,3,"male",25,0,0,7.05,"S","Mr",1,1,0,1,"Ali312",0,"F"
"786",786,0,3,"male",25,0,0,7.25,"S","Mr",1,1,0,1,"Harmer887",0,"F"
"787",787,1,3,"female",18,0,0,7.4958,"S","Ms",1,1,0,1,"Sjoblom265",0,"E"
"788",788,0,3,"male",8,4,1,29.125,"Q","Master",6,0,0,0,"Rice652",0,"E"
"789",789,1,3,"male",1,1,2,20.575,"S","Master",4,0,0,0,"Dean315",1,"G"
"790",790,0,1,"male",46,0,0,79.2,"C","Mr",1,1,0,1,"Guggenheim593",0,"B"
"791",791,0,3,"male",40,0,0,7.75,"Q","Mr",1,1,0,1,"Keane460",0,"F"
"792",792,0,2,"male",16,0,0,26,"S","Mr",1,1,0,1,"Gaskell865",0,"F"
"793",793,0,3,"female",4,8,2,69.55,"S","Miss",11,0,0,0,"Sage343",0,"F"
"794",794,0,1,"male",58,0,0,30.6958,"C","Mr",1,1,0,1,"Hoyt600",0,"E"
"795",795,0,3,"male",25,0,0,7.8958,"S","Mr",1,1,0,1,"Dantcheff203",0,"E"
"796",796,0,2,"male",39,0,0,13,"S","Mr",1,1,0,1,"Otter213",0,"F"
"797",797,1,1,"female",49,0,0,25.9292,"S","Ms",1,1,0,1,"Leader465",0,"D"
"798",798,1,3,"female",31,0,0,8.6833,"S","Mrs",1,1,0,1,"Osman244",0,"G"
"799",799,0,3,"male",30,0,0,7.2292,"C","Mr",1,1,0,1,"Ibrahim Shawah685",0,"F"
"800",800,0,3,"female",30,1,1,24.15,"S","Mrs",3,1,1,0,"Van Impe773",0,"F"
"801",801,0,2,"male",34,0,0,13,"S","Mr",1,1,0,1,"Ponesell647",0,"D"
"802",802,1,2,"female",31,1,1,26.25,"S","Mrs",3,1,1,0,"Collyer921",2,"F"
"803",803,1,1,"male",11,1,2,120,"S","Master",4,0,0,0,"Carter760",4,"B"
"804",804,1,3,"male",0.42,0,1,8.5167,"C","Master",2,1,0,0,"Thomas625",1,"F"
"805",805,1,3,"male",27,0,0,6.975,"S","Mr",1,1,0,1,"Hedman089",0,"G"
"806",806,0,3,"male",31,0,0,7.775,"S","Mr",1,1,0,1,"Johansson063",0,"E"
"807",807,0,1,"male",39,0,0,0,"S","Mr",1,1,0,1,"Andrews050",0,"A"
"808",808,0,3,"female",18,0,0,7.775,"S","Ms",1,1,0,1,"Pettersson087",0,"F"
"809",809,0,2,"male",39,0,0,13,"S","Mr",1,1,0,1,"Meyer723",0,"F"
"810",810,1,1,"female",33,1,0,53.1,"S","Mrs",2,1,0,0,"Chambers806",2,"E"
"811",811,0,3,"male",26,0,0,7.8875,"S","Mr",1,1,0,1,"Alexander474",0,"F"
"812",812,0,3,"male",39,0,0,24.15,"S","Mr",1,1,0,1,"Lester871",0,"F"
"813",813,0,2,"male",35,0,0,10.5,"S","Mr",1,1,0,1,"Slemen206",0,"F"
"814",814,0,3,"female",6,4,2,31.275,"S","Miss",7,0,0,0,"Andersson082",0,"E"
"815",815,0,3,"male",30.5,0,0,8.05,"S","Mr",1,1,0,1,"Tomlin499",0,"F"
"816",816,0,1,"male",54,0,0,0,"S","Mr",1,1,0,1,"Fry058",0,"B"
"817",817,0,3,"female",23,0,0,7.925,"S","Ms",1,1,0,1,"Heininen290",0,"E"
"818",818,0,2,"male",31,1,1,37.0042,"C","Mr",3,1,0,0,"Mallet079",1,"D"
"819",819,0,3,"male",43,0,0,6.45,"S","Mr",1,1,0,1,"Holm075",0,"G"
"820",820,0,3,"male",10,3,2,27.9,"S","Master",6,0,0,0,"Skoog088",0,"E"
"821",821,1,1,"female",52,1,1,93.5,"S","Mrs",3,1,1,0,"Hays749",1,"B"
"822",822,1,3,"male",27,0,0,8.6625,"S","Mr",1,1,0,1,"Lulic098",0,"G"
"823",823,0,1,"male",38,0,0,0,"S","Mr",1,1,0,1,"Reuchlin972",0,"C"
"824",824,1,3,"female",27,0,1,12.475,"S","Mrs",2,1,1,0,"Moor096",2,"E"
"825",825,0,3,"male",2,4,1,39.6875,"S","Master",6,0,0,0,"Panula295",0,"G"
"826",826,0,3,"male",27,0,0,6.95,"Q","Mr",1,1,0,1,"Flynn323",0,"G"
"827",827,0,3,"male",18,0,0,56.4958,"S","Mr",1,1,0,1,"Lam601",0,"G"
"828",828,1,2,"male",1,0,2,37.0042,"C","Master",3,1,0,0,"Mallet079",1,"D"
"829",829,1,3,"male",21,0,0,7.75,"Q","Mr",1,1,0,1,"McCormack228",0,"F"
"830",830,1,1,"female",62,0,0,80,"S","Mrs",1,1,0,1,"Stone572",0,"B"
"831",831,1,3,"female",15,1,0,14.4542,"C","Mrs",2,1,0,0,"Yasbeck659",1,"G"
"832",832,1,2,"male",0.83,1,1,18.75,"S","Master",3,1,0,0,"Richards106",3,"F"
"833",833,0,3,"male",24,0,0,7.2292,"C","Mr",1,1,0,1,"Saad671",0,"E"
"834",834,0,3,"male",23,0,0,7.8542,"S","Mr",1,1,0,1,"Augustsson468",0,"G"
"835",835,0,3,"male",18,0,0,8.3,"S","Mr",1,1,0,1,"Allum223",0,"G"
"836",836,1,1,"female",39,1,1,83.1583,"C","Ms",3,1,0,0,"Compton756",1,"E"
"837",837,0,3,"male",21,0,0,8.6625,"S","Mr",1,1,0,1,"Pasic097",0,"F"
"838",838,0,3,"male",30,0,0,8.05,"S","Mr",1,1,0,1,"Sirota092",0,"F"
"839",839,1,3,"male",32,0,0,56.4958,"S","Mr",1,1,0,1,"Chip601",0,"F"
"840",840,1,1,"male",58,0,0,29.7,"C","Mr",1,1,0,1,"Marechal774",0,"C"
"841",841,0,3,"male",20,0,0,7.925,"S","Mr",1,1,0,1,"Alhomaki287",0,"F"
"842",842,0,2,"male",16,0,0,10.5,"S","Mr",1,1,0,1,"Mudd. 3",0,"F"
"843",843,1,1,"female",30,0,0,31,"C","Ms",1,1,0,1,"Serepeca798",0,"B"
"844",844,0,3,"male",34.5,0,0,6.4375,"C","Mr",1,1,0,1,"Lemberopolous683",0,"E"
"845",845,0,3,"male",17,0,0,8.6625,"S","Mr",1,1,0,1,"Culumovic090",0,"F"
"846",846,0,3,"male",42,0,0,7.55,"S","Mr",1,1,0,1,"Abbing547",0,"F"
"847",847,0,3,"male",9,8,2,69.55,"S","Mr",11,0,0,0,"Sage343",0,"F"
"848",848,0,3,"male",35,0,0,7.8958,"C","Mr",1,1,0,1,"Markoff213",0,"F"
"849",849,0,2,"male",28,0,1,33,"S","Mr",2,1,0,0,"Harper727",1,"F"
"850",850,1,1,"female",31,1,0,89.1042,"C","Mrs",2,1,0,0,"Goldenberg453",2,"C"
"851",851,0,3,"male",4,4,2,31.275,"S","Master",7,0,0,0,"Andersson082",0,"G"
"852",852,0,3,"male",74,0,0,7.775,"S","Mr",1,1,0,1,"Svensson060",0,"F"
"853",853,0,3,"female",9,1,1,15.2458,"C","Miss",3,1,0,0,"Boulos678",0,"E"
"854",854,1,1,"female",16,0,1,39.4,"S","Ms",2,1,0,0,"Lines592",1,"D"
"855",855,0,2,"female",44,1,0,26,"S","Mrs",2,1,0,0,"Carter252",0,"F"
"856",856,1,3,"female",18,0,1,9.35,"S","Mrs",2,1,1,0,"Aks091",1,"G"
"857",857,1,1,"female",45,1,1,164.8667,"S","Mrs",3,1,1,0,"Wick928",2,"C"
"858",858,1,1,"male",51,0,0,26.55,"S","Mr",1,1,0,1,"Daly055",0,"E"
"859",859,1,3,"female",24,0,3,19.2583,"C","Mrs",4,0,1,0,"Baclini666",4,"G"
"860",860,0,3,"male",7,0,0,7.2292,"C","Mr",1,1,0,1,"Razi629",0,"F"
"861",861,0,3,"male",41,2,0,14.1083,"S","Mr",3,1,0,0,"Hansen026",0,"F"
"862",862,0,2,"male",21,1,0,11.5,"S","Mr",2,1,0,0,"Giles134",0,"F"
"863",863,1,1,"female",48,0,0,25.9292,"S","Mrs",1,1,0,1,"Swift466",0,"D"
"864",864,0,3,"female",5,8,2,69.55,"S","Miss",11,0,0,0,"Sage343",0,"F"
"865",865,0,2,"male",24,0,0,13,"S","Mr",1,1,0,1,"Gill866",0,"E"
"866",866,1,2,"female",42,0,0,13,"S","Mrs",1,1,0,1,"Bystrom852",0,"D"
"867",867,1,2,"female",27,1,0,13.8583,"C","Ms",2,1,0,0,"Duran y More149",1,"F"
"868",868,0,1,"male",31,0,0,50.4958,"S","Mr",1,1,0,1,"Roebling590",0,"A"
"869",869,0,3,"male",15,0,0,9.5,"S","Mr",1,1,0,1,"van Melkebeke777",0,"E"
"870",870,1,3,"male",4,1,1,11.1333,"S","Master",3,1,0,0,"Johnson742",3,"E"
"871",871,0,3,"male",26,0,0,7.8958,"S","Mr",1,1,0,1,"Balkic248",0,"F"
"872",872,1,1,"female",47,1,1,52.5542,"S","Mrs",3,1,1,0,"Beckwith751",2,"D"
"873",873,0,1,"male",33,0,0,5,"S","Mr",1,1,0,1,"Carlsson695",0,"B"
"874",874,0,3,"male",47,0,0,9,"S","Mr",1,1,0,1,"Vander Cruyssen765",0,"G"
"875",875,1,2,"female",28,1,0,24,"C","Mrs",2,1,0,0,"Abelson381",1,"D"
"876",876,1,3,"female",15,0,0,7.225,"C","Ms",1,1,0,1,"Najib667",0,"G"
"877",877,0,3,"male",20,0,0,9.8458,"S","Mr",1,1,0,1,"Gustafsson534",0,"F"
"878",878,0,3,"male",19,0,0,7.8958,"S","Mr",1,1,0,1,"Petroff212",0,"E"
"879",879,0,3,"male",30,0,0,7.8958,"S","Mr",1,1,0,1,"Laleff217",0,"E"
"880",880,1,1,"female",56,0,1,83.1583,"C","Mrs",2,1,1,0,"Potter767",1,"C"
"881",881,1,2,"female",25,0,1,26,"S","Mrs",2,1,1,0,"Shelley433",1,"D"
"882",882,0,3,"male",33,0,0,7.8958,"S","Mr",1,1,0,1,"Markun257",0,"F"
"883",883,0,3,"female",22,0,0,10.5167,"S","Ms",1,1,0,1,"Dahlberg552",0,"G"
"884",884,0,2,"male",28,0,0,10.5,"S","Mr",1,1,0,1,"Banfield068",0,"F"
"885",885,0,3,"male",25,0,0,7.05,"S","Mr",1,1,0,1,"Sutehall076",0,"E"
"886",886,0,3,"female",39,0,5,29.125,"Q","Mrs",6,0,1,0,"Rice652",0,"E"
"887",887,0,2,"male",27,0,0,13,"S","Mr",1,1,0,1,"Montvila536",0,"F"
"888",888,1,1,"female",19,0,0,30,"S","Ms",1,1,0,1,"Graham053",0,"B"
"889",889,0,3,"female",4,1,2,23.45,"S","Miss",4,0,0,0,"Johnston607",0,"F"
"890",890,1,1,"male",26,0,0,30,"C","Mr",1,1,0,1,"Behr369",0,"C"
"891",891,0,3,"male",32,0,0,7.75,"Q","Mr",1,1,0,1,"Dooley376",0,"E"
